INSERT INTO SubscriptionPlans (PlanID, PlanName, Price, MaxCourses, IsCertificationIncluded, AccessType, MaxProfiles) VALUES
(1, 'Basic Plan', 29.99, 5, 0, 'Limited', 1),
(2, 'Standard Plan', 49.99, 10, 1, 'Unlimited', 3),
(3, 'Premium Plan', 79.99, 20, 1, 'Unlimited', 5),
(4, 'Pro Plan', 99.99, 30, 1, 'Unlimited', 10),
(5, 'Enterprise Plan', 29.99, 50, 0, 'Limited', 20),
(6, 'Business Plan', 49.99, 100, 1, 'Unlimited', 25),
(7, 'VIP Plan', 79.99, 200, 1, 'Unlimited', 50),
(8, 'Elite Plan', 99.99, 500, 1, 'Unlimited', 100),
(9, 'Starter Plan', 39.99, 15, 0, 'Limited', 2),
(10, 'Advanced Plan', 59.99, 40, 1, 'Unlimited', 15),
(11, 'Basic Plan - Promo', 24.99, 5, 0, 'Limited', 1),
(12, 'Standard Plan - Promo', 44.99, 10, 1, 'Unlimited', 3),
(13, 'Premium Plan - Promo', 74.99, 20, 1, 'Unlimited', 5),
(14, 'Pro Plan - Promo', 94.99, 30, 1, 'Unlimited', 10),
(15, 'Enterprise Plan - Promo', 24.99, 50, 0, 'Limited', 20),
(16, 'Business Plan - Promo', 44.99, 100, 1, 'Unlimited', 25),
(17, 'VIP Plan - Promo', 74.99, 200, 1, 'Unlimited', 50),
(18, 'Elite Plan - Promo', 94.99, 500, 1, 'Unlimited', 100),
(19, 'Student Plan', 19.99, 10, 0, 'Limited', 1),
(20, 'Family Plan', 59.99, 25, 1, 'Unlimited', 5),
(21, 'Corporate Plan', 89.99, 100, 1, 'Unlimited', 50),
(22, 'Nonprofit Plan', 49.99, 15, 1, 'Unlimited', 3),
(23, 'Startup Plan', 69.99, 30, 0, 'Limited', 5),
(24, 'Limited Time Offer', 34.99, 10, 0, 'Limited', 2),
(25, 'Annual Subscription', 299.99, 200, 1, 'Unlimited', 100),
(26, 'Basic Plan', 29.99, 6, 0, 'Limited', 1),
(27, 'Standard Plan', 49.99, 11, 1, 'Unlimited', 3),
(28, 'Premium Plan', 79.99, 21, 1, 'Unlimited', 5),
(29, 'Pro Plan', 99.99, 31, 1, 'Unlimited', 10),
(30, 'Enterprise Plan', 29.99, 51, 0, 'Limited', 20),
(31, 'Business Plan', 49.99, 101, 1, 'Unlimited', 25),
(32, 'VIP Plan', 79.99, 201, 1, 'Unlimited', 50),
(33, 'Elite Plan', 99.99, 501, 1, 'Unlimited', 100),
(34, 'Starter Plan', 39.99, 16, 0, 'Limited', 2),
(35, 'Advanced Plan', 59.99, 41, 1, 'Unlimited', 15),
(36, 'Student Plan', 19.99, 11, 0, 'Limited', 1),
(37, 'Family Plan', 59.99, 26, 1, 'Unlimited', 5),
(38, 'Corporate Plan', 89.99, 101, 1, 'Unlimited', 50),
(39, 'Nonprofit Plan', 49.99, 16, 1, 'Unlimited', 3),
(40, 'Startup Plan', 69.99, 31, 0, 'Limited', 5),
(41, 'Basic Plan - Yearly', 24.99, 5, 0, 'Limited', 1),
(42, 'Standard Plan - Yearly', 44.99, 10, 1, 'Unlimited', 3),
(43, 'Premium Plan - Yearly', 74.99, 20, 1, 'Unlimited', 5),
(44, 'Pro Plan - Yearly', 94.99, 30, 1, 'Unlimited', 10),
(45, 'Enterprise Plan - Yearly', 24.99, 50, 0, 'Limited', 20),
(46, 'Business Plan - Yearly', 44.99, 100, 1, 'Unlimited', 25),
(47, 'VIP Plan - Yearly', 74.99, 200, 1, 'Unlimited', 50),
(48, 'Elite Plan - Yearly', 94.99, 500, 1, 'Unlimited', 100),
(49, 'Combo Plan', 59.99, 30, 1, 'Unlimited', 10),
(50, 'Trial Plan', 0.00, 3, 0, 'Limited', 1),
(51, 'Basic Plan', 29.99, 5, 0, 'Limited', 1),
(52, 'Standard Plan', 49.99, 10, 1, 'Unlimited', 3),
(53, 'Premium Plan', 79.99, 20, 1, 'Unlimited', 5),
(54, 'Pro Plan', 99.99, 30, 1, 'Unlimited', 10),
(55, 'Enterprise Plan', 29.99, 50, 0, 'Limited', 20),
(56, 'Business Plan', 49.99, 100, 1, 'Unlimited', 25),
(57, 'VIP Plan', 79.99, 200, 1, 'Unlimited', 50),
(58, 'Elite Plan', 99.99, 500, 1, 'Unlimited', 100),
(59, 'Starter Plan', 39.99, 15, 0, 'Limited', 2),
(60, 'Advanced Plan', 59.99, 40, 1, 'Unlimited', 15),
(61, 'Special Offer Basic', 19.99, 5, 0, 'Limited', 1),
(62, 'Special Offer Standard', 39.99, 10, 1, 'Unlimited', 3),
(63, 'Special Offer Premium', 59.99, 20, 1, 'Unlimited', 5),
(64, 'Special Offer Pro', 79.99, 30, 1, 'Unlimited', 10),
(65, 'Special Offer Enterprise', 19.99, 50, 0, 'Limited', 20),
(66, 'Special Offer Business', 39.99, 100, 1, 'Unlimited', 25),
(67, 'Special Offer VIP', 59.99, 200, 1, 'Unlimited', 50),
(68, 'Special Offer Elite', 79.99, 500, 1, 'Unlimited', 100),
(69, 'Flash Sale Basic', 14.99, 5, 0, 'Limited', 1),
(70, 'Flash Sale Standard', 34.99, 10, 1, 'Unlimited', 3),
(71, 'Flash Sale Premium', 54.99, 20, 1, 'Unlimited', 5),
(72, 'Flash Sale Pro', 74.99, 30, 1, 'Unlimited', 10),
(73, 'Flash Sale Enterprise', 14.99, 50, 0, 'Limited', 20),
(74, 'Flash Sale Business', 34.99, 100, 1, 'Unlimited', 25),
(75, 'Flash Sale VIP', 54.99, 200, 1, 'Unlimited', 50),
(76, 'Flash Sale Elite', 74.99, 500, 1, 'Unlimited', 100),
(77, 'Monthly Plan', 29.99, 10, 1, 'Unlimited', 2),
(78, 'Quarterly Plan', 79.99, 30, 1, 'Unlimited', 10),
(79, 'Yearly Plan', 249.99, 120, 1, 'Unlimited', 15),
(80, 'Custom Plan', 99.99, 60, 1, 'Custom', 100),
(81, 'Group Plan', 149.99, 100, 1, 'Unlimited', 50),
(82, 'Annual Group Plan', 399.99, 250, 1, 'Unlimited', 200),
(83, 'Personal Plan', 59.99, 15, 0, 'Limited', 1),
(84, 'Personal Pro Plan', 89.99, 25, 1, 'Unlimited', 5),
(85, 'Family Starter Plan', 69.99, 20, 0, 'Limited', 3),
(86, 'Family Premium Plan', 99.99, 35, 1, 'Unlimited', 10),
(87, 'Corporate Starter Plan', 89.99, 40, 1, 'Unlimited', 5),
(88, 'Corporate Premium Plan', 129.99, 60, 1, 'Unlimited', 15),
(89, 'Nonprofit Basic Plan', 19.99, 5, 0, 'Limited', 1),
(90, 'Nonprofit Standard Plan', 39.99, 10, 1, 'Unlimited', 3),
(91, 'Nonprofit Premium Plan', 59.99, 20, 1, 'Unlimited', 5),
(92, 'School Plan', 49.99, 15, 1, 'Unlimited', 3),
(93, 'Student Discount Plan', 29.99, 10, 0, 'Limited', 2),
(94, 'Limited Access Plan', 14.99, 5, 0, 'Limited', 1),
(95, 'Introductory Plan', 9.99, 3, 0, 'Limited', 1),
(96, 'Exclusive Offer Plan', 49.99, 25, 1, 'Unlimited', 5),
(97, 'Popular Plan', 79.99, 30, 1, 'Unlimited', 10),
(98, 'Limited Time Deal', 39.99, 20, 0, 'Limited', 2),
(99, 'Loyalty Plan', 69.99, 50, 1, 'Unlimited', 10),
(100, 'Legacy Plan', 89.99, 100, 1, 'Unlimited', 25);


INSERT INTO Users (UserID, SubscriptionPlanID, Fname, Lname, Email, Password, DateJoined, IsActive) VALUES
(1, 1, 'John', 'Doe', 'john.doe@example.com', 'Password123', '2023-01-10', 1),
(2, 2, 'Jane', 'Smith', 'jane.smith@example.com', 'Password123', '2023-02-15', 1),
(3, 3, 'Emily', 'Johnson', 'emily.johnson@example.com', 'Password123', '2023-03-20', 1),
(4, 4, 'Michael', 'Williams', 'michael.williams@example.com', 'Password123', '2023-04-25', 1),
(5, 5, 'Chris', 'Brown', 'chris.brown@example.com', 'Password123', '2023-05-30', 1),
(6, 6, 'Sarah', 'Davis', 'sarah.davis@example.com', 'Password123', '2023-06-01', 1),
(7, 7, 'David', 'Garcia', 'david.garcia@example.com', 'Password123', '2023-07-05', 1),
(8, 8, 'Ashley', 'Rodriguez', 'ashley.rodriguez@example.com', 'Password123', '2023-08-10', 1),
(9, 9, 'Jessica', 'Martinez', 'jessica.martinez@example.com', 'Password123', '2023-09-12', 1),
(10, 10, 'Daniel', 'Hernandez', 'daniel.hernandez@example.com', 'Password123', '2023-10-15', 1),
(11, 1, 'Laura', 'Lopez', 'laura.lopez@example.com', 'Password123', '2023-11-18', 1),
(12, 2, 'Robert', 'Wilson', 'robert.wilson@example.com', 'Password123', '2023-12-20', 1),
(13, 3, 'Megan', 'Anderson', 'megan.anderson@example.com', 'Password123', '2024-01-25', 1),
(14, 4, 'James', 'Thomas', 'james.thomas@example.com', 'Password123', '2024-02-28', 1),
(15, 5, 'Rachel', 'Taylor', 'rachel.taylor@example.com', 'Password123', '2024-03-30', 1),
(16, 6, 'Brian', 'Moore', 'brian.moore@example.com', 'Password123', '2024-04-02', 1),
(17, 7, 'Nicole', 'Jackson', 'nicole.jackson@example.com', 'Password123', '2024-05-05', 1),
(18, 8, 'Anthony', 'Martin', 'anthony.martin@example.com', 'Password123', '2024-06-10', 1),
(19, 9, 'Catherine', 'Lee', 'catherine.lee@example.com', 'Password123', '2024-07-12', 1),
(20, 10, 'Daniel', 'Gonzalez', 'daniel.gonzalez@example.com', 'Password123', '2024-08-15', 1),
(21, 1, 'Matthew', 'Perez', 'matthew.perez@example.com', 'Password123', '2024-09-18', 1),
(22, 2, 'Victoria', 'White', 'victoria.white@example.com', 'Password123', '2024-10-20', 1),
(23, 3, 'Ethan', 'Harris', 'ethan.harris@example.com', 'Password123', '2024-11-22', 1),
(24, 4, 'Samantha', 'Clark', 'samantha.clark@example.com', 'Password123', '2024-12-25', 1),
(25, 5, 'Lucas', 'Robinson', 'lucas.robinson@example.com', 'Password123', '2025-01-28', 1),
(26, 6, 'Sophia', 'Lewis', 'sophia.lewis@example.com', 'Password123', '2025-02-28', 1),
(27, 7, 'Benjamin', 'Walker', 'benjamin.walker@example.com', 'Password123', '2025-03-15', 1),
(28, 8, 'Ava', 'Hall', 'ava.hall@example.com', 'Password123', '2025-04-10', 1),
(29, 9, 'Oliver', 'Young', 'oliver.young@example.com', 'Password123', '2025-05-05', 1),
(30, 10, 'Mia', 'Allen', 'mia.allen@example.com', 'Password123', '2025-06-01', 1),
(31, 1, 'Zoe', 'Sanchez', 'zoe.sanchez@example.com', 'Password123', '2025-07-02', 1),
(32, 2, 'James', 'Wright', 'james.wright@example.com', 'Password123', '2025-08-03', 1),
(33, 3, 'Gabriel', 'King', 'gabriel.king@example.com', 'Password123', '2025-09-04', 1),
(34, 4, 'Ella', 'Scott', 'ella.scott@example.com', 'Password123', '2025-10-05', 1),
(35, 5, 'Liam', 'Green', 'liam.green@example.com', 'Password123', '2025-11-06', 1),
(36, 6, 'Charlotte', 'Adams', 'charlotte.adams@example.com', 'Password123', '2025-12-07', 1),
(37, 7, 'Jackson', 'Baker', 'jackson.baker@example.com', 'Password123', '2026-01-08', 1),
(38, 8, 'Grace', 'Gonzalez', 'grace.gonzalez@example.com', 'Password123', '2026-02-09', 1),
(39, 9, 'Henry', 'Nelson', 'henry.nelson@example.com', 'Password123', '2026-03-10', 1),
(40, 10, 'Maya', 'Carter', 'maya.carter@example.com', 'Password123', '2026-04-11', 1),
(41, 1, 'Scarlett', 'Mitchell', 'scarlett.mitchell@example.com', 'Password123', '2026-05-12', 1),
(42, 2, 'Alexander', 'Perez', 'alexander.perez@example.com', 'Password123', '2026-06-13', 1),
(43, 3, 'Hannah', 'Roberts', 'hannah.roberts@example.com', 'Password123', '2026-07-14', 1),
(44, 4, 'Dylan', 'Turner', 'dylan.turner@example.com', 'Password123', '2026-08-15', 1),
(45, 5, 'Amelia', 'Phillips', 'amelia.phillips@example.com', 'Password123', '2026-09-16', 1),
(46, 6, 'Sebastian', 'Campbell', 'sebastian.campbell@example.com', 'Password123', '2026-10-17', 1),
(47, 7, 'Sophie', 'Parker', 'sophie.parker@example.com', 'Password123', '2026-11-18', 1),
(48, 8, 'Eli', 'Evans', 'eli.evans@example.com', 'Password123', '2026-12-19', 1),
(49, 9, 'Natalie', 'Edwards', 'natalie.edwards@example.com', 'Password123', '2027-01-20', 1),
(50, 10, 'Jason', 'Collins', 'jason.collins@example.com', 'Password123', '2027-02-21', 1),
(51, 1, 'Alice', 'Hughes', 'alice.hughes@example.com', 'Password123', '2027-03-22', 1),
(52, 2, 'Landon', 'Flores', 'landon.flores@example.com', 'Password123', '2027-04-23', 1),
(53, 3, 'Ellie', 'Rivera', 'ellie.rivera@example.com', 'Password123', '2027-05-24', 1),
(54, 4, 'Cooper', 'Cooper', 'cooper.cooper@example.com', 'Password123', '2027-06-25', 1),
(55, 5, 'Lucy', 'Bailey', 'lucy.bailey@example.com', 'Password123', '2027-07-26', 1),
(56, 6, 'Nolan', 'Bell', 'nolan.bell@example.com', 'Password123', '2027-08-27', 1),
(57, 7, 'Riley', 'Gonzalez', 'riley.gonzalez@example.com', 'Password123', '2027-09-28', 1),
(58, 8, 'Aiden', 'Simmons', 'aiden.simmons@example.com', 'Password123', '2027-10-29', 1),
(59, 9, 'Savannah', 'Morris', 'savannah.morris@example.com', 'Password123', '2027-11-30', 1),
(60, 10, 'Jackson', 'Hernandez', 'jackson.hernandez@example.com', 'Password123', '2027-12-31', 1),
(61, 1, 'Isabella', 'Palmer', 'isabella.palmer@example.com', 'Password123', '2028-01-01', 1),
(62, 2, 'Grayson', 'Morris', 'grayson.morris@example.com', 'Password123', '2028-02-02', 1),
(63, 3, 'Hailey', 'Sanders', 'hailey.sanders@example.com', 'Password123', '2028-03-03', 1),
(64, 4, 'Hunter', 'Stewart', 'hunter.stewart@example.com', 'Password123', '2028-04-04', 1),
(65, 5, 'Levi', 'Harris', 'levi.harris@example.com', 'Password123', '2028-05-05', 1),
(66, 6, 'Lila', 'Woods', 'lila.woods@example.com', 'Password123', '2028-06-06', 1),
(67, 7, 'Parker', 'Shaw', 'parker.shaw@example.com', 'Password123', '2028-07-07', 1),
(68, 8, 'Carter', 'Burns', 'carter.burns@example.com', 'Password123', '2028-08-08', 1),
(69, 9, 'Sophia', 'Perry', 'sophia.perry@example.com', 'Password123', '2028-09-09', 1),
(70, 10, 'Nathan', 'Patterson', 'nathan.patterson@example.com', 'Password123', '2028-10-10', 1),
(71, 1, 'Ella', 'Howard', 'ella.howard@example.com', 'Password123', '2028-11-11', 1),
(72, 2, 'Zachary', 'Hughes', 'zachary.hughes@example.com', 'Password123', '2028-12-12', 1),
(73, 3, 'Delilah', 'Ward', 'delilah.ward@example.com', 'Password123', '2029-01-13', 1),
(74, 4, 'Gage', 'Wright', 'gage.wright@example.com', 'Password123', '2029-02-14', 1),
(75, 5, 'Ruby', 'Harrison', 'ruby.harrison@example.com', 'Password123', '2029-03-15', 1),
(76, 6, 'Elias', 'Griffin', 'elias.griffin@example.com', 'Password123', '2029-04-16', 1),
(77, 7, 'Mila', 'Hernandez', 'mila.hernandez@example.com', 'Password123', '2029-05-17', 1),
(78, 8, 'Violet', 'Garcia', 'violet.garcia@example.com', 'Password123', '2029-06-18', 1),
(79, 9, 'Ryan', 'Gonzalez', 'ryan.gonzalez@example.com', 'Password123', '2029-07-19', 1),
(80, 10, 'Brooklyn', 'Ramos', 'brooklyn.ramos@example.com', 'Password123', '2029-08-20', 1),
(81, 1, 'Cora', 'Bailey', 'cora.bailey@example.com', 'Password123', '2029-09-21', 1),
(82, 2, 'Gavin', 'Parker', 'gavin.parker@example.com', 'Password123', '2029-10-22', 1),
(83, 3, 'Margaret', 'Young', 'margaret.young@example.com', 'Password123', '2029-11-23', 1),
(84, 4, 'Freya', 'Richardson', 'freya.richardson@example.com', 'Password123', '2029-12-24', 1),
(85, 5, 'Simon', 'Stewart', 'simon.stewart@example.com', 'Password123', '2030-01-25', 1),
(86, 6, 'Naomi', 'Kim', 'naomi.kim@example.com', 'Password123', '2030-02-26', 1),
(87, 7, 'Miles', 'Ramirez', 'miles.ramirez@example.com', 'Password123', '2030-03-27', 1),
(88, 8, 'Amara', 'Nguyen', 'amara.nguyen@example.com', 'Password123', '2030-04-28', 1),
(89, 9, 'Giana', 'Diaz', 'giana.diaz@example.com', 'Password123', '2030-05-29', 1),
(90, 10, 'Ryder', 'Patel', 'ryder.patel@example.com', 'Password123', '2030-06-30', 1),
(91, 1, 'Adeline', 'Robertson', 'adeline.robertson@example.com', 'Password123', '2030-07-31', 1),
(92, 2, 'Kylie', 'Fox', 'kylie.fox@example.com', 'Password123', '2030-08-01', 1),
(93, 3, 'Landon', 'Foster', 'landon.foster@example.com', 'Password123', '2030-09-02', 1),
(94, 4, 'Nina', 'Holland', 'nina.holland@example.com', 'Password123', '2030-10-03', 1),
(95, 5, 'Sawyer', 'Coleman', 'sawyer.coleman@example.com', 'Password123', '2030-11-04', 1),
(96, 6, 'Kendall', 'Bryant', 'kendall.bryant@example.com', 'Password123', '2030-12-05', 1),
(97, 7, 'Kara', 'Burns', 'kara.burns@example.com', 'Password123', '2031-01-06', 1),
(98, 8, 'Aaliyah', 'Wallace', 'aaliyah.wallace@example.com', 'Password123', '2031-02-07', 1),
(99, 9, 'Emilia', 'Simmons', 'emilia.simmons@example.com', 'Password123', '2031-03-08', 1),
(100, 10, 'Travis', 'Hawkins', 'travis.hawkins@example.com', 'Password123', '2031-04-09', 1);

INSERT INTO Instructors (InstructorID, FullName, Email, Specialization) VALUES
(1, 'Dr. Alice Smith', 'alice.smith@example.com', 'Computer Science'),
(2, 'Prof. Bob Johnson', 'bob.johnson@example.com', 'Mathematics'),
(3, 'Ms. Carol Williams', 'carol.williams@example.com', 'Physics'),
(4, 'Mr. David Brown', 'david.brown@example.com', 'Chemistry'),
(5, 'Dr. Emma Davis', 'emma.davis@example.com', 'Biology'),
(6, 'Dr. Frank Wilson', 'frank.wilson@example.com', 'Computer Science'),
(7, 'Ms. Grace Moore', 'grace.moore@example.com', 'Mathematics'),
(8, 'Mr. Henry Taylor', 'henry.taylor@example.com', 'Physics'),
(9, 'Prof. Irene Anderson', 'irene.anderson@example.com', 'Chemistry'),
(10, 'Dr. Jack Thomas', 'jack.thomas@example.com', 'Biology'),
(11, 'Ms. Karen Jackson', 'karen.jackson@example.com', 'Computer Science'),
(12, 'Mr. Leo White', 'leo.white@example.com', 'Mathematics'),
(13, 'Dr. Mike Harris', 'mike.harris@example.com', 'Physics'),
(14, 'Prof. Nancy Martin', 'nancy.martin@example.com', 'Chemistry'),
(15, 'Ms. Olivia Thompson', 'olivia.thompson@example.com', 'Biology'),
(16, 'Dr. Paul Garcia', 'paul.garcia@example.com', 'Computer Science'),
(17, 'Ms. Queen Robinson', 'queen.robinson@example.com', 'Mathematics'),
(18, 'Mr. Ryan Lewis', 'ryan.lewis@example.com', 'Physics'),
(19, 'Dr. Sarah Walker', 'sarah.walker@example.com', 'Chemistry'),
(20, 'Prof. Tom Hall', 'tom.hall@example.com', 'Biology'),
(21, 'Dr. Uma Young', 'uma.young@example.com', 'Computer Science'),
(22, 'Mr. Victor Hernandez', 'victor.hernandez@example.com', 'Mathematics'),
(23, 'Ms. Wendy Allen', 'wendy.allen@example.com', 'Physics'),
(24, 'Prof. Xavier Sanchez', 'xavier.sanchez@example.com', 'Chemistry'),
(25, 'Dr. Yvonne Wright', 'yvonne.wright@example.com', 'Biology'),
(26, 'Ms. Zoe King', 'zoe.king@example.com', 'Computer Science'),
(27, 'Mr. Alan Scott', 'alan.scott@example.com', 'Mathematics'),
(28, 'Dr. Brian Hill', 'brian.hill@example.com', 'Physics'),
(29, 'Prof. Charlie Adams', 'charlie.adams@example.com', 'Chemistry'),
(30, 'Ms. Dana Nelson', 'dana.nelson@example.com', 'Biology'),
(31, 'Dr. Ellen Carter', 'ellen.carter@example.com', 'Computer Science'),
(32, 'Mr. Frank Mitchell', 'frank.mitchell@example.com', 'Mathematics'),
(33, 'Ms. Gina Perez', 'gina.perez@example.com', 'Physics'),
(34, 'Prof. Harry Roberts', 'harry.roberts@example.com', 'Chemistry'),
(35, 'Dr. Ian Turner', 'ian.turner@example.com', 'Biology'),
(36, 'Ms. Julia Phillips', 'julia.phillips@example.com', 'Computer Science'),
(37, 'Mr. Kyle Evans', 'kyle.evans@example.com', 'Mathematics'),
(38, 'Dr. Lisa Edwards', 'lisa.edwards@example.com', 'Physics'),
(39, 'Prof. Mark Collins', 'mark.collins@example.com', 'Chemistry'),
(40, 'Ms. Nora Stewart', 'nora.stewart@example.com', 'Biology'),
(41, 'Dr. Owen Sanchez', 'owen.sanchez@example.com', 'Computer Science'),
(42, 'Mr. Paul Perry', 'paul.perry@example.com', 'Mathematics'),
(43, 'Ms. Quinn Rivera', 'quinn.rivera@example.com', 'Physics'),
(44, 'Prof. Ron Cooper', 'ron.cooper@example.com', 'Chemistry'),
(45, 'Dr. Steve Rodriguez', 'steve.rodriguez@example.com', 'Biology'),
(46, 'Ms. Tessa Bailey', 'tessa.bailey@example.com', 'Computer Science'),
(47, 'Mr. Ulysses Murphy', 'ulysses.murphy@example.com', 'Mathematics'),
(48, 'Dr. Victor Rogers', 'victor.rogers@example.com', 'Physics'),
(49, 'Prof. Wanda Reed', 'wanda.reed@example.com', 'Chemistry'),
(50, 'Ms. Xena Cox', 'xena.cox@example.com', 'Biology'),
(51, 'Dr. Yan Long', 'yan.long@example.com', 'Computer Science'),
(52, 'Mr. Zack Ward', 'zack.ward@example.com', 'Mathematics'),
(53, 'Dr. Adam Gray', 'adam.gray@example.com', 'Physics'),
(54, 'Prof. Brian Kelly', 'brian.kelly@example.com', 'Chemistry'),
(55, 'Ms. Clara Price', 'clara.price@example.com', 'Biology'),
(56, 'Dr. Dan Bennett', 'dan.bennett@example.com', 'Computer Science'),
(57, 'Mr. Eli Hayes', 'eli.hayes@example.com', 'Mathematics'),
(58, 'Dr. Fiona Hughes', 'fiona.hughes@example.com', 'Physics'),
(59, 'Prof. Gary Ward', 'gary.ward@example.com', 'Chemistry'),
(60, 'Ms. Helen Hughes', 'helen.hughes@example.com', 'Biology'),
(61, 'Dr. Ian Knight', 'ian.knight@example.com', 'Computer Science'),
(62, 'Mr. James Wright', 'james.wright@example.com', 'Mathematics'),
(63, 'Ms. Kate Sullivan', 'kate.sullivan@example.com', 'Physics'),
(64, 'Prof. Leo Patterson', 'leo.patterson@example.com', 'Chemistry'),
(65, 'Dr. Mia Sanders', 'mia.sanders@example.com', 'Biology'),
(66, 'Mr. Nate Jenkins', 'nate.jenkins@example.com', 'Computer Science'),
(67, 'Dr. Olivia Morales', 'olivia.morales@example.com', 'Mathematics'),
(68, 'Prof. Paul Richards', 'paul.richards@example.com', 'Physics'),
(69, 'Ms. Quinn Lewis', 'quinn.lewis@example.com', 'Chemistry'),
(70, 'Dr. Rachel Kim', 'rachel.kim@example.com', 'Biology'),
(71, 'Mr. Sam Torres', 'sam.torres@example.com', 'Computer Science'),
(72, 'Prof. Tina Hayes', 'tina.hayes@example.com', 'Mathematics'),
(73, 'Dr. Ulysses Ramirez', 'ulysses.ramirez@example.com', 'Physics'),
(74, 'Ms. Veronica Gomez', 'veronica.gomez@example.com', 'Chemistry'),
(75, 'Dr. Wendy Martinez', 'wendy.martinez@example.com', 'Biology'),
(76, 'Mr. Xavier Wood', 'xavier.wood@example.com', 'Computer Science'),
(77, 'Prof. Yvonne Bell', 'yvonne.bell@example.com', 'Mathematics'),
(78, 'Ms. Zoe Anderson', 'zoe.anderson@example.com', 'Physics'),
(79, 'Dr. Aaron Young', 'aaron.young@example.com', 'Chemistry'),
(80, 'Prof. Billy Sanchez', 'billy.sanchez@example.com', 'Biology'),
(81, 'Mr. Charles Martinez', 'charles.martinez@example.com', 'Computer Science'),
(82, 'Dr. Debbie Ramirez', 'debbie.ramirez@example.com', 'Mathematics'),
(83, 'Ms. Emma White', 'emma.white@example.com', 'Physics'),
(84, 'Prof. Frank Wright', 'frank.wright@example.com', 'Chemistry'),
(85, 'Dr. Grace Edwards', 'grace.edwards@example.com', 'Biology'),
(86, 'Mr. Henry Martinez', 'henry.martinez@example.com', 'Computer Science'),
(87, 'Ms. Ingrid Parker', 'ingrid.parker@example.com', 'Mathematics'),
(88, 'Prof. John Wright', 'john.wright@example.com', 'Physics'),
(89, 'Dr. Karen Lee', 'karen.lee@example.com', 'Chemistry'),
(90, 'Mr. Larry Lewis', 'larry.lewis@example.com', 'Biology'),
(91, 'Prof. Michelle Hall', 'michelle.hall@example.com', 'Computer Science'),
(92, 'Dr. Nathan Davis', 'nathan.davis@example.com', 'Mathematics'),
(93, 'Ms. Olivia Miller', 'olivia.miller@example.com', 'Physics'),
(94, 'Prof. Paul Garcia', 'paul.garcia@example.com', 'Chemistry'),
(95, 'Dr. Queen Harris', 'queen.harris@example.com', 'Biology'),
(96, 'Mr. Robert Young', 'robert.young@example.com', 'Computer Science'),
(97, 'Prof. Sarah Allen', 'sarah.allen@example.com', 'Mathematics'),
(98, 'Dr. Tom Scott', 'tom.scott@example.com', 'Physics'),
(99, 'Ms. Uma Lopez', 'uma.lopez@example.com', 'Chemistry'),
(100, 'Dr. Victor Nelson', 'victor.nelson@example.com', 'Biology');



INSERT INTO Courses (CourseID, InstructorID, CourseTitle, Description, Category, Duration, Certification) VALUES
(1, 1, 'Introduction to Programming', 'Learn the basics of programming using Python.', 'Computer Science', 10, 1),
(2, 2, 'Calculus I', 'An introduction to limits, derivatives, and integrals.', 'Mathematics', 12, 1),
(3, 3, 'Fundamentals of Physics', 'Understanding the core concepts of physics.', 'Physics', 14, 0),
(4, 4, 'Organic Chemistry', 'A comprehensive course on organic compounds and reactions.', 'Chemistry', 16, 1),
(5, 5, 'Principles of Biology', 'Explore the principles of biology and life sciences.', 'Biology', 10, 0),
(6, 1, 'Data Structures', 'An overview of data structures and algorithms.', 'Computer Science', 15, 1),
(7, 2, 'Linear Algebra', 'Fundamentals of vector spaces and matrices.', 'Mathematics', 12, 1),
(8, 3, 'Quantum Mechanics', 'Introduction to the principles of quantum mechanics.', 'Physics', 14, 0),
(9, 4, 'Physical Chemistry', 'The study of how matter behaves on a molecular and atomic level.', 'Chemistry', 16, 1),
(10, 5, 'Microbiology', 'Understanding microorganisms and their effects on humans.', 'Biology', 10, 0),
(11, 6, 'Web Development', 'Learn how to build websites using HTML, CSS, and JavaScript.', 'Computer Science', 20, 1),
(12, 7, 'Statistics', 'Introduction to statistical methods and concepts.', 'Mathematics', 12, 1),
(13, 8, 'Classical Mechanics', 'Explore the laws of motion and their applications.', 'Physics', 14, 0),
(14, 9, 'Biochemistry', 'The study of chemical processes within and relating to living organisms.', 'Chemistry', 16, 1),
(15, 10, 'Genetics', 'Introduction to the principles of heredity.', 'Biology', 10, 0),
(16, 11, 'Mobile App Development', 'Learn how to create apps for iOS and Android.', 'Computer Science', 25, 1),
(17, 12, 'Differential Equations', 'Study of equations involving derivatives.', 'Mathematics', 12, 1),
(18, 13, 'Thermodynamics', 'Principles of heat and energy transfer.', 'Physics', 14, 0),
(19, 14, 'Analytical Chemistry', 'Techniques for chemical analysis.', 'Chemistry', 16, 1),
(20, 15, 'Ecology', 'Study of interactions among organisms and their environment.', 'Biology', 10, 0),
(21, 16, 'Game Development', 'Learn how to create video games using Unity.', 'Computer Science', 30, 1),
(22, 17, 'Abstract Algebra', 'Study of algebraic structures such as groups and rings.', 'Mathematics', 12, 1),
(23, 18, 'Optics', 'The study of light and its interactions with matter.', 'Physics', 14, 0),
(24, 19, 'Inorganic Chemistry', 'The study of inorganic compounds and materials.', 'Chemistry', 16, 1),
(25, 20, 'Marine Biology', 'Explore ocean ecosystems and marine organisms.', 'Biology', 10, 0),
(26, 21, 'Artificial Intelligence', 'Introduction to AI concepts and applications.', 'Computer Science', 20, 1),
(27, 22, 'Real Analysis', 'Study of real numbers and real-valued functions.', 'Mathematics', 12, 1),
(28, 23, 'Relativity', 'Introduction to Einstein’s theory of relativity.', 'Physics', 14, 0),
(29, 24, 'Chemical Engineering', 'Application of chemistry in industrial processes.', 'Chemistry', 16, 1),
(30, 25, 'Botany', 'The study of plant life.', 'Biology', 10, 0),
(31, 26, 'Cybersecurity', 'Learn to protect systems from cyber threats.', 'Computer Science', 25, 1),
(32, 27, 'Numerical Methods', 'Techniques for solving mathematical problems numerically.', 'Mathematics', 12, 1),
(33, 28, 'Fluid Mechanics', 'The study of fluids in motion and at rest.', 'Physics', 14, 0),
(34, 29, 'Material Science', 'Study of materials and their properties.', 'Chemistry', 16, 1),
(35, 30, 'Zoology', 'Study of animal biology.', 'Biology', 10, 0),
(36, 31, 'Software Engineering', 'Principles of software development and management.', 'Computer Science', 20, 1),
(37, 32, 'Statistics for Data Science', 'Statistical methods for data analysis.', 'Mathematics', 12, 1),
(38, 33, 'Astrophysics', 'The study of the universe and celestial bodies.', 'Physics', 14, 0),
(39, 34, 'Chemistry of Materials', 'Chemical principles in materials science.', 'Chemistry', 16, 1),
(40, 35, 'Human Anatomy', 'Study of the structure of the human body.', 'Biology', 10, 0),
(41, 36, 'Cloud Computing', 'Introduction to cloud-based services and applications.', 'Computer Science', 25, 1),
(42, 37, 'Discrete Mathematics', 'Study of mathematical structures that are fundamentally discrete.', 'Mathematics', 12, 1),
(43, 38, 'Nuclear Physics', 'Exploration of atomic nuclei and their interactions.', 'Physics', 14, 0),
(44, 39, 'Environmental Chemistry', 'Study of chemical processes occurring in the environment.', 'Chemistry', 16, 1),
(45, 40, 'Genomics', 'Study of genomes and their functions.', 'Biology', 10, 0),
(46, 41, 'Networking', 'Principles of computer networking.', 'Computer Science', 20, 1),
(47, 42, 'Operations Research', 'Optimization techniques for decision-making.', 'Mathematics', 12, 1),
(48, 43, 'Seismology', 'Study of earthquakes and seismic waves.', 'Physics', 14, 0),
(49, 44, 'Organic Synthesis', 'Techniques for synthesizing organic compounds.', 'Chemistry', 16, 1),
(50, 45, 'Psychology', 'Study of mind and behavior.', 'Biology', 10, 0),
(51, 46, 'Information Retrieval', 'Techniques for finding information in large datasets.', 'Computer Science', 25, 1),
(52, 47, 'Game Theory', 'Mathematical study of strategic interaction among rational decision-makers.', 'Mathematics', 12, 1),
(53, 48, 'Astrobiology', 'The study of the origin, evolution, and distribution of life in the universe.', 'Physics', 14, 0),
(54, 49, 'Toxicology', 'Study of the effects of chemicals on living organisms.', 'Chemistry', 16, 1),
(55, 50, 'Biostatistics', 'Application of statistics to biological fields.', 'Biology', 10, 0),
(56, 51, 'Artificial Neural Networks', 'Introduction to neural networks and deep learning.', 'Computer Science', 20, 1),
(57, 52, 'Mathematical Logic', 'Study of formal logical systems and their applications.', 'Mathematics', 12, 1),
(58, 53, 'Condensed Matter Physics', 'Study of the physical properties of solids and liquids.', 'Physics', 14, 0),
(59, 54, 'Chemical Kinetics', 'Study of reaction rates and mechanisms.', 'Chemistry', 16, 1),
(60, 55, 'Pathophysiology', 'Study of the functional changes in the body due to disease.', 'Biology', 10, 0),
(61, 56, 'Database Systems', 'Fundamentals of database design and management.', 'Computer Science', 25, 1),
(62, 57, 'Complex Analysis', 'Study of functions of complex numbers.', 'Mathematics', 12, 1),
(63, 58, 'Atmospheric Physics', 'Study of the physics of the atmosphere.', 'Physics', 14, 0),
(64, 59, 'Food Chemistry', 'Study of the chemical composition of food.', 'Chemistry', 16, 1),
(65, 60, 'Developmental Biology', 'Study of the process of development in organisms.', 'Biology', 10, 0),
(66, 61, 'Web Security', 'Techniques for securing web applications.', 'Computer Science', 20, 1),
(67, 62, 'Mathematical Modeling', 'Use of mathematics to represent real-world systems.', 'Mathematics', 12, 1),
(68, 63, 'Geophysics', 'Study of the physics of the Earth.', 'Physics', 14, 0),
(69, 64, 'Chemical Engineering Thermodynamics', 'Thermodynamics applied to chemical processes.', 'Chemistry', 16, 1),
(70, 65, 'Animal Behavior', 'Study of the behavior of animals.', 'Biology', 10, 0),
(71, 66, 'Data Mining', 'Techniques for discovering patterns in large datasets.', 'Computer Science', 25, 1),
(72, 67, 'Statistical Inference', 'Methods for drawing conclusions from data.', 'Mathematics', 12, 1),
(73, 68, 'Plasma Physics', 'Study of charged particles and fluids.', 'Physics', 14, 0),
(74, 69, 'Chemical Biology', 'Study of the relationship between chemistry and biology.', 'Chemistry', 16, 1),
(75, 70, 'Neuroscience', 'Study of the nervous system and its functions.', 'Biology', 10, 0),
(76, 71, 'Machine Learning', 'Introduction to algorithms that learn from data.', 'Computer Science', 20, 1),
(77, 72, 'Optimization', 'Techniques for finding the best solution to a problem.', 'Mathematics', 12, 1),
(78, 73, 'Geology', 'Study of the Earth and its processes.', 'Physics', 14, 0),
(79, 74, 'Synthetic Chemistry', 'Techniques for synthesizing chemical compounds.', 'Chemistry', 16, 1),
(80, 75, 'Public Health', 'Study of health and disease in populations.', 'Biology', 10, 0),
(81, 76, 'Virtual Reality', 'Learn how to create immersive experiences.', 'Computer Science', 25, 1),
(82, 77, 'Discrete Event Simulation', 'Modeling systems where events occur at discrete times.', 'Mathematics', 12, 1),
(83, 78, 'Acoustics', 'Study of sound and its properties.', 'Physics', 14, 0),
(84, 79, 'Forensic Chemistry', 'Application of chemistry in legal investigations.', 'Chemistry', 16, 1),
(85, 80, 'Nutrition', 'Study of nutrients and their impact on health.', 'Biology', 10, 0),
(86, 81, 'Blockchain Technology', 'Introduction to blockchain and its applications.', 'Computer Science', 20, 1),
(87, 82, 'Fractal Geometry', 'Study of complex geometric shapes.', 'Mathematics', 12, 1),
(88, 83, 'Meteorology', 'Study of weather and atmospheric phenomena.', 'Physics', 14, 0),
(89, 84, 'Industrial Chemistry', 'Chemistry in the industrial context.', 'Chemistry', 16, 1),
(90, 85, 'Immunology', 'Study of the immune system.', 'Biology', 10, 0),
(91, 86, 'Human-Computer Interaction', 'Designing user-friendly computer interfaces.', 'Computer Science', 25, 1),
(92, 87, 'Financial Mathematics', 'Mathematical methods in finance.', 'Mathematics', 12, 1),
(93, 88, 'Atmospheric Chemistry', 'Study of the chemical composition of the atmosphere.', 'Physics', 14, 0),
(94, 89, 'Chemical Safety', 'Safe handling of chemicals in laboratories.', 'Chemistry', 16, 1),
(95, 90, 'Medical Microbiology', 'Microbiology in the context of medicine.', 'Biology', 10, 0),
(96, 91, 'Data Visualization', 'Techniques for visualizing data effectively.', 'Computer Science', 25, 1),
(97, 92, 'Mathematics for Computer Science', 'Mathematics needed for computer science.', 'Mathematics', 12, 1),
(98, 93, 'Geochemistry', 'Study of the chemistry of the Earth.', 'Physics', 14, 0),
(99, 94, 'Environmental Science', 'Study of the environment and solutions to environmental problems.', 'Chemistry', 16, 1),
(100, 95, 'Clinical Psychology', 'Study of psychological disorders and their treatment.', 'Biology', 10, 0);


INSERT INTO Modules (ModuleID, CourseID, ModuleName, Description) VALUES
(1, 1, 'Introduction to Computer Science', 'An overview of computer science principles.'),
(2, 1, 'Programming Basics', 'Fundamentals of programming using Python.'),
(3, 1, 'Data Structures', 'Introduction to data structures and their applications.'),
(4, 2, 'Linear Algebra', 'Study of vector spaces and linear equations.'),
(5, 2, 'Calculus I', 'Introduction to differential calculus.'),
(6, 2, 'Statistics', 'Fundamentals of statistics and data analysis.'),
(7, 3, 'Organic Chemistry', 'Introduction to organic compounds and reactions.'),
(8, 3, 'Physical Chemistry', 'Study of the principles of chemistry in physical processes.'),
(9, 3, 'Inorganic Chemistry', 'Study of inorganic compounds and their properties.'),
(10, 4, 'Classical Mechanics', 'Fundamentals of motion and forces.'),
(11, 4, 'Thermodynamics', 'Study of energy, heat, and work.'),
(12, 4, 'Quantum Mechanics', 'Introduction to the principles of quantum physics.'),
(13, 5, 'Microbiology', 'Study of microorganisms and their effects.'),
(14, 5, 'Genetics', 'Introduction to genetic principles and inheritance.'),
(15, 5, 'Biochemistry', 'Study of chemical processes within living organisms.'),
(16, 6, 'Web Development', 'Basics of web technologies and development.'),
(17, 6, 'Database Management', 'Introduction to database design and SQL.'),
(18, 6, 'Software Engineering', 'Principles of software development methodologies.'),
(19, 7, 'Social Psychology', 'Study of how individuals influence and are influenced by others.'),
(20, 7, 'Cognitive Psychology', 'Understanding mental processes and behavior.'),
(21, 7, 'Developmental Psychology', 'Study of human development throughout life.'),
(22, 8, 'Abstract Algebra', 'Introduction to algebraic structures.'),
(23, 8, 'Number Theory', 'Study of integers and their properties.'),
(24, 8, 'Topology', 'Study of geometric properties and spatial relations.'),
(25, 9, 'Operating Systems', 'Fundamentals of operating system design and functionality.'),
(26, 9, 'Computer Networks', 'Study of data communication and networking principles.'),
(27, 9, 'Machine Learning', 'Introduction to algorithms that improve through experience.'),
(28, 10, 'Financial Accounting', 'Basics of financial reporting and analysis.'),
(29, 10, 'Managerial Accounting', 'Use of accounting information for management decisions.'),
(30, 10, 'Corporate Finance', 'Study of financial management in corporations.'),
(31, 11, 'Artificial Intelligence', 'Fundamentals of AI and machine learning techniques.'),
(32, 11, 'Natural Language Processing', 'Study of computational linguistics and language models.'),
(33, 11, 'Robotics', 'Introduction to robotic systems and their applications.'),
(34, 12, 'Philosophy', 'Exploration of fundamental questions about existence.'),
(35, 12, 'Ethics', 'Study of moral principles and decision-making.'),
(36, 12, 'Logic', 'Introduction to formal reasoning and argumentation.'),
(37, 13, 'Environmental Science', 'Study of environmental issues and solutions.'),
(38, 13, 'Ecology', 'Study of interactions between organisms and their environment.'),
(39, 13, 'Sustainable Development', 'Principles of sustainability in development practices.'),
(40, 14, 'Human Anatomy', 'Study of the structure of the human body.'),
(41, 14, 'Physiology', 'Study of the functions of biological systems.'),
(42, 14, 'Pathophysiology', 'Study of disordered physiological processes.'),
(43, 15, 'Modern History', 'Overview of significant events in modern history.'),
(44, 15, 'World Geography', 'Study of the physical and cultural aspects of geography.'),
(45, 15, 'Political Science', 'Introduction to the study of political systems.'),
(46, 16, 'Graphic Design', 'Basics of design principles and software tools.'),
(47, 16, 'Digital Marketing', 'Introduction to marketing strategies in the digital age.'),
(48, 16, 'Content Creation', 'Techniques for creating engaging content.'),
(49, 17, 'Game Development', 'Fundamentals of game design and programming.'),
(50, 17, 'Mobile App Development', 'Creating applications for mobile devices.'),
(51, 17, 'User Experience Design', 'Principles of designing user-friendly interfaces.'),
(52, 18, 'Data Analytics', 'Techniques for analyzing and interpreting data.'),
(53, 18, 'Big Data Technologies', 'Introduction to big data tools and frameworks.'),
(54, 18, 'Cloud Computing', 'Overview of cloud services and architectures.'),
(55, 19, 'Art History', 'Study of art movements and influential artists.'),
(56, 19, 'Music Theory', 'Fundamentals of music composition and theory.'),
(57, 19, 'Theater Arts', 'Exploration of drama and performance arts.'),
(58, 20, 'Nutrition Science', 'Study of the science behind nutrition and diet.'),
(59, 20, 'Exercise Physiology', 'Understanding the body’s response to physical activity.'),
(60, 20, 'Public Health', 'Study of health and wellness in communities.'),
(61, 21, 'Advanced Programming', 'In-depth study of programming techniques and languages.'),
(62, 21, 'Data Science', 'Techniques for extracting insights from data.'),
(63, 21, 'Cybersecurity', 'Principles of securing information and systems.'),
(64, 22, 'Astronomy', 'Study of celestial objects and the universe.'),
(65, 22, 'Astrophysics', 'Application of physics to understand astronomical phenomena.'),
(66, 22, 'Cosmology', 'Study of the origin and evolution of the universe.'),
(67, 23, 'Financial Markets', 'Understanding the structure of financial markets.'),
(68, 23, 'Investment Analysis', 'Techniques for evaluating investment opportunities.'),
(69, 23, 'Risk Management', 'Identifying and managing financial risks.'),
(70, 24, 'Machine Learning Applications', 'Real-world applications of machine learning.'),
(71, 24, 'Data Ethics', 'Ethical considerations in data handling and analysis.'),
(72, 24, 'AI in Healthcare', 'Use of AI technologies in medical applications.'),
(73, 25, 'Advanced Calculus', 'In-depth study of calculus concepts and applications.'),
(74, 25, 'Numerical Methods', 'Techniques for numerical solutions of mathematical problems.'),
(75, 25, 'Mathematical Statistics', 'Advanced concepts in statistical theory.'),
(76, 26, 'Social Media Marketing', 'Strategies for marketing on social platforms.'),
(77, 26, 'SEO Optimization', 'Techniques for optimizing web content for search engines.'),
(78, 26, 'Content Strategy', 'Planning and managing content effectively.'),
(79, 27, 'Speech Communication', 'Effective communication skills in speaking.'),
(80, 27, 'Interpersonal Communication', 'Techniques for effective personal interactions.'),
(81, 27, 'Public Speaking', 'Skills for speaking confidently in public.'),
(82, 28, 'Digital Forensics', 'Investigative techniques in digital environments.'),
(83, 28, 'Network Security', 'Principles of securing computer networks.'),
(84, 28, 'Ethical Hacking', 'Techniques for testing and improving security.'),
(85, 29, 'Disaster Management', 'Strategies for managing natural disasters.'),
(86, 29, 'Crisis Communication', 'Effective communication during crises.'),
(87, 29, 'Public Policy', 'Study of policy-making processes and analysis.'),
(88, 30, 'Therapeutic Techniques', 'Various techniques in therapy and counseling.'),
(89, 30, 'Mental Health Disorders', 'Study of common mental health issues.'),
(90, 30, 'Counseling Strategies', 'Effective strategies for counseling practices.'),
(91, 31, 'Cryptography', 'Study of secure communication techniques.'),
(92, 31, 'Network Protocols', 'Understanding communication protocols in networks.'),
(93, 31, 'Web Technologies', 'Overview of technologies used in web development.'),
(94, 32, 'Advanced Genetics', 'In-depth study of genetic mechanisms.'),
(95, 32, 'Epidemiology', 'Study of disease spread and public health.'),
(96, 32, 'Biomedical Ethics', 'Ethical issues in biomedical research.'),
(97, 33, 'Machine Learning Theory', 'Theoretical concepts behind machine learning.'),
(98, 33, 'Statistical Learning', 'Techniques for statistical methods in learning.'),
(99, 33, 'Predictive Modeling', 'Models used for prediction in various fields.'),
(100, 34, 'Financial Statement Analysis', 'Techniques for analyzing financial statements.');



INSERT INTO Quizzes (QuizID, ModuleID, QuizTitle, QuizContent, MaxScore) VALUES
(1, 1, 'Quiz 1: Basics of Computer Science', 'Questions on the fundamentals of computer science.', 100),
(2, 1, 'Quiz 2: Computer Science Principles', 'Explore key principles in computer science.', 100),
(3, 2, 'Quiz 1: Python Basics', 'Test your knowledge of Python fundamentals.', 100),
(4, 2, 'Quiz 2: Control Structures', 'Assess your understanding of control structures.', 100),
(5, 3, 'Quiz 1: Data Structures Overview', 'Questions on different types of data structures.', 100),
(6, 3, 'Quiz 2: Data Structures Applications', 'Apply your knowledge of data structures.', 100),
(7, 4, 'Quiz 1: Linear Equations', 'Test your knowledge of linear equations.', 100),
(8, 4, 'Quiz 2: Vector Spaces', 'Explore vector spaces and their properties.', 100),
(9, 5, 'Quiz 1: Introduction to Calculus', 'Basic concepts of calculus.', 100),
(10, 5, 'Quiz 2: Derivatives', 'Questions on calculating derivatives.', 100),
(11, 6, 'Quiz 1: Statistics Basics', 'Fundamental concepts in statistics.', 100),
(12, 6, 'Quiz 2: Probability', 'Test your knowledge of probability.', 100),
(13, 7, 'Quiz 1: Organic Compounds', 'Identify different organic compounds.', 100),
(14, 7, 'Quiz 2: Reactions in Organic Chemistry', 'Understand organic reactions.', 100),
(15, 8, 'Quiz 1: Principles of Physical Chemistry', 'Fundamentals of physical chemistry.', 100),
(16, 8, 'Quiz 2: Thermodynamics Concepts', 'Key concepts in thermodynamics.', 100),
(17, 9, 'Quiz 1: Introduction to Inorganic Chemistry', 'Basics of inorganic compounds.', 100),
(18, 9, 'Quiz 2: Properties of Inorganic Compounds', 'Study of inorganic compound properties.', 100),
(19, 10, 'Quiz 1: Classical Mechanics', 'Key principles of classical mechanics.', 100),
(20, 10, 'Quiz 2: Motion and Forces', 'Questions on motion and forces.', 100),
(21, 11, 'Quiz 1: Basics of Thermodynamics', 'Test your knowledge of thermodynamics.', 100),
(22, 11, 'Quiz 2: Laws of Thermodynamics', 'Understand the laws governing thermodynamics.', 100),
(23, 12, 'Quiz 1: Quantum Principles', 'Fundamental principles of quantum mechanics.', 100),
(24, 12, 'Quiz 2: Quantum Phenomena', 'Explore quantum phenomena.', 100),
(25, 13, 'Quiz 1: Microbiology Basics', 'Understand microorganisms.', 100),
(26, 13, 'Quiz 2: Role of Microorganisms', 'Questions on the roles of microorganisms.', 100),
(27, 14, 'Quiz 1: Genetic Principles', 'Fundamentals of genetics.', 100),
(28, 14, 'Quiz 2: Inheritance Patterns', 'Test your understanding of inheritance.', 100),
(29, 15, 'Quiz 1: Biochemical Processes', 'Introduction to biochemical processes.', 100),
(30, 15, 'Quiz 2: Metabolic Pathways', 'Explore metabolic pathways.', 100),
(31, 16, 'Quiz 1: Web Technologies Overview', 'Fundamentals of web technologies.', 100),
(32, 16, 'Quiz 2: HTML and CSS', 'Test your knowledge of HTML and CSS.', 100),
(33, 17, 'Quiz 1: SQL Basics', 'Understand basic SQL commands.', 100),
(34, 17, 'Quiz 2: Database Design', 'Questions on database design principles.', 100),
(35, 18, 'Quiz 1: Software Engineering Principles', 'Introduction to software engineering.', 100),
(36, 18, 'Quiz 2: Software Development Lifecycle', 'Understand the development lifecycle.', 100),
(37, 19, 'Quiz 1: Social Psychology Concepts', 'Basics of social psychology.', 100),
(38, 19, 'Quiz 2: Group Dynamics', 'Explore group dynamics in psychology.', 100),
(39, 20, 'Quiz 1: Cognitive Psychology Basics', 'Fundamental concepts in cognitive psychology.', 100),
(40, 20, 'Quiz 2: Memory Processes', 'Test your knowledge of memory processes.', 100),
(41, 21, 'Quiz 1: Developmental Stages', 'Understand stages of human development.', 100),
(42, 21, 'Quiz 2: Child Psychology', 'Explore child psychology concepts.', 100),
(43, 22, 'Quiz 1: Abstract Algebra Basics', 'Fundamentals of abstract algebra.', 100),
(44, 22, 'Quiz 2: Algebraic Structures', 'Questions on algebraic structures.', 100),
(45, 23, 'Quiz 1: Number Theory Basics', 'Understand number theory concepts.', 100),
(46, 23, 'Quiz 2: Prime Numbers', 'Test your knowledge of prime numbers.', 100),
(47, 24, 'Quiz 1: Topology Basics', 'Fundamentals of topology.', 100),
(48, 24, 'Quiz 2: Continuity and Limits', 'Explore continuity in topology.', 100),
(49, 25, 'Quiz 1: Operating Systems Basics', 'Fundamentals of operating systems.', 100),
(50, 25, 'Quiz 2: Process Management', 'Questions on process management.', 100),
(51, 26, 'Quiz 1: Networking Basics', 'Introduction to computer networking.', 100),
(52, 26, 'Quiz 2: Protocols and Models', 'Test your knowledge of networking protocols.', 100),
(53, 27, 'Quiz 1: Machine Learning Fundamentals', 'Basics of machine learning.', 100),
(54, 27, 'Quiz 2: Supervised vs. Unsupervised Learning', 'Explore learning types in ML.', 100),
(55, 28, 'Quiz 1: Financial Accounting Principles', 'Understand financial accounting basics.', 100),
(56, 28, 'Quiz 2: Balance Sheets', 'Test your knowledge of balance sheets.', 100),
(57, 29, 'Quiz 1: Managerial Accounting', 'Fundamentals of managerial accounting.', 100),
(58, 29, 'Quiz 2: Cost-Volume-Profit Analysis', 'Explore CVP analysis concepts.', 100),
(59, 30, 'Quiz 1: Corporate Finance Basics', 'Introduction to corporate finance.', 100),
(60, 30, 'Quiz 2: Investment Decisions', 'Test your knowledge of investment decisions.', 100),
(61, 31, 'Quiz 1: Artificial Intelligence Overview', 'Fundamentals of AI.', 100),
(62, 31, 'Quiz 2: AI Applications', 'Explore applications of AI.', 100),
(63, 32, 'Quiz 1: Natural Language Processing Basics', 'Introduction to NLP.', 100),
(64, 32, 'Quiz 2: Language Models', 'Test your knowledge of language models.', 100),
(65, 33, 'Quiz 1: Robotics Fundamentals', 'Basics of robotics.', 100),
(66, 33, 'Quiz 2: Robotic Systems', 'Explore different robotic systems.', 100),
(67, 34, 'Quiz 1: Philosophy of Science', 'Introduction to philosophy in science.', 100),
(68, 34, 'Quiz 2: Ethical Theories', 'Test your understanding of ethical theories.', 100),
(69, 35, 'Quiz 1: Logic Basics', 'Fundamentals of formal logic.', 100),
(70, 35, 'Quiz 2: Argument Analysis', 'Explore argument analysis techniques.', 100),
(71, 36, 'Quiz 1: Environmental Science Overview', 'Introduction to environmental science.', 100),
(72, 36, 'Quiz 2: Environmental Issues', 'Test your knowledge of environmental issues.', 100),
(73, 37, 'Quiz 1: Ecology Basics', 'Fundamentals of ecology.', 100),
(74, 37, 'Quiz 2: Ecosystem Dynamics', 'Explore dynamics of ecosystems.', 100),
(75, 38, 'Quiz 1: Sustainable Development Goals', 'Understand sustainability concepts.', 100),
(76, 38, 'Quiz 2: Climate Change Impacts', 'Test your knowledge of climate change.', 100),
(77, 39, 'Quiz 1: Digital Marketing Principles', 'Introduction to digital marketing.', 100),
(78, 39, 'Quiz 2: SEO Strategies', 'Test your knowledge of SEO strategies.', 100),
(79, 40, 'Quiz 1: Marketing Mix', 'Fundamentals of the marketing mix.', 100),
(80, 40, 'Quiz 2: Consumer Behavior', 'Explore consumer behavior theories.', 100),
(81, 41, 'Quiz 1: Introduction to Entrepreneurship', 'Basics of entrepreneurship.', 100),
(82, 41, 'Quiz 2: Business Models', 'Test your knowledge of business models.', 100),
(83, 42, 'Quiz 1: Project Management Fundamentals', 'Understand project management basics.', 100),
(84, 42, 'Quiz 2: Risk Management', 'Explore risk management strategies.', 100),
(85, 43, 'Quiz 1: Introduction to Supply Chain Management', 'Fundamentals of supply chain.', 100),
(86, 43, 'Quiz 2: Logistics Strategies', 'Test your knowledge of logistics.', 100),
(87, 44, 'Quiz 1: Human Resource Management Basics', 'Introduction to HR management.', 100),
(88, 44, 'Quiz 2: Recruitment Strategies', 'Explore recruitment strategies.', 100),
(89, 45, 'Quiz 1: Negotiation Skills', 'Fundamentals of negotiation skills.', 100),
(90, 45, 'Quiz 2: Conflict Resolution', 'Test your knowledge of conflict resolution.', 100),
(91, 46, 'Quiz 1: Business Law Basics', 'Understand basic business law concepts.', 100),
(92, 46, 'Quiz 2: Contracts and Agreements', 'Explore contracts in business law.', 100),
(93, 47, 'Quiz 1: Leadership Styles', 'Fundamentals of leadership.', 100),
(94, 47, 'Quiz 2: Team Dynamics', 'Explore team dynamics in leadership.', 100),
(95, 48, 'Quiz 1: Organizational Behavior Basics', 'Understand organizational behavior.', 100),
(96, 48, 'Quiz 2: Motivation Theories', 'Test your knowledge of motivation theories.', 100),
(97, 49, 'Quiz 1: Information Systems Overview', 'Introduction to information systems.', 100),
(98, 49, 'Quiz 2: System Development Life Cycle', 'Explore system development life cycle.', 100),
(99, 50, 'Quiz 1: Database Management Systems Basics', 'Understand DBMS concepts.', 100),
(100, 50, 'Quiz 2: Cloud Computing Fundamentals', 'Test your knowledge of cloud computing.', 100);


INSERT INTO Assignments (AssignmentID, ModuleID, AssignmentTitle, Description, DueDate) VALUES
(1, 1, 'Assignment 1: Intro to Computer Science', 'Complete the introductory assignment on computer science.', '2024-10-15'),
(2, 1, 'Assignment 2: Computer Science Basics', 'Submit your understanding of computer science basics.', '2024-10-22'),
(3, 2, 'Assignment 1: Python Basics', 'Python fundamentals assignment.', '2024-10-15'),
(4, 2, 'Assignment 2: Python Functions', 'Implement and submit Python functions.', '2024-10-22'),
(5, 3, 'Assignment 1: Data Structures Overview', 'Overview of data structures assignment.', '2024-10-15'),
(6, 3, 'Assignment 2: Data Structures Applications', 'Explore applications of data structures.', '2024-10-22'),
(7, 4, 'Assignment 1: Linear Algebra', 'Complete the assignment on linear equations.', '2024-10-15'),
(8, 4, 'Assignment 2: Vector Spaces', 'Vector spaces application assignment.', '2024-10-22'),
(9, 5, 'Assignment 1: Calculus Fundamentals', 'Complete your calculus fundamentals assignment.', '2024-10-15'),
(10, 5, 'Assignment 2: Derivatives Assignment', 'Submit your derivatives assignment.', '2024-10-22'),
(11, 6, 'Assignment 1: Statistics Overview', 'Overview of statistics assignment.', '2024-10-15'),
(12, 6, 'Assignment 2: Probability Assignment', 'Complete the assignment on probability.', '2024-10-22'),
(13, 7, 'Assignment 1: Organic Compounds', 'Assignment on identifying organic compounds.', '2024-10-15'),
(14, 7, 'Assignment 2: Organic Reactions', 'Study and submit organic reactions assignment.', '2024-10-22'),
(15, 8, 'Assignment 1: Physical Chemistry Principles', 'Principles of physical chemistry assignment.', '2024-10-15'),
(16, 8, 'Assignment 2: Thermodynamics Assignment', 'Complete your thermodynamics assignment.', '2024-10-22'),
(17, 9, 'Assignment 1: Inorganic Chemistry Basics', 'Basics of inorganic compounds assignment.', '2024-10-15'),
(18, 9, 'Assignment 2: Inorganic Properties', 'Assignment on properties of inorganic compounds.', '2024-10-22'),
(19, 10, 'Assignment 1: Classical Mechanics', 'Complete the assignment on classical mechanics.', '2024-10-15'),
(20, 10, 'Assignment 2: Motion and Forces', 'Submit your assignment on motion and forces.', '2024-10-22'),
(21, 11, 'Assignment 1: Thermodynamics Basics', 'Fundamental concepts of thermodynamics assignment.', '2024-10-15'),
(22, 11, 'Assignment 2: Laws of Thermodynamics', 'Complete your laws of thermodynamics assignment.', '2024-10-22'),
(23, 12, 'Assignment 1: Quantum Mechanics', 'Assignment on quantum principles.', '2024-10-15'),
(24, 12, 'Assignment 2: Quantum Phenomena', 'Explore and submit quantum phenomena assignment.', '2024-10-22'),
(25, 13, 'Assignment 1: Microbiology Overview', 'Overview of microbiology assignment.', '2024-10-15'),
(26, 13, 'Assignment 2: Role of Microorganisms', 'Complete the assignment on the role of microorganisms.', '2024-10-22'),
(27, 14, 'Assignment 1: Genetic Principles', 'Fundamentals of genetics assignment.', '2024-10-15'),
(28, 14, 'Assignment 2: Inheritance Patterns', 'Complete your inheritance patterns assignment.', '2024-10-22'),
(29, 15, 'Assignment 1: Biochemical Processes', 'Assignment on biochemical processes.', '2024-10-15'),
(30, 15, 'Assignment 2: Metabolic Pathways', 'Explore metabolic pathways assignment.', '2024-10-22'),
(31, 16, 'Assignment 1: Web Technologies Overview', 'Assignment on web technologies fundamentals.', '2024-10-15'),
(32, 16, 'Assignment 2: HTML and CSS', 'Complete your HTML and CSS assignment.', '2024-10-22'),
(33, 17, 'Assignment 1: SQL Basics', 'Basic SQL commands assignment.', '2024-10-15'),
(34, 17, 'Assignment 2: Database Design', 'Complete your database design assignment.', '2024-10-22'),
(35, 18, 'Assignment 1: Software Engineering Principles', 'Fundamental principles of software engineering assignment.', '2024-10-15'),
(36, 18, 'Assignment 2: Software Development Lifecycle', 'Complete your software development lifecycle assignment.', '2024-10-22'),
(37, 19, 'Assignment 1: Social Psychology Concepts', 'Basics of social psychology assignment.', '2024-10-15'),
(38, 19, 'Assignment 2: Group Dynamics', 'Complete your group dynamics assignment.', '2024-10-22'),
(39, 20, 'Assignment 1: Cognitive Psychology Basics', 'Fundamental concepts in cognitive psychology assignment.', '2024-10-15'),
(40, 20, 'Assignment 2: Memory Processes', 'Complete your memory processes assignment.', '2024-10-22'),
(41, 21, 'Assignment 1: Developmental Stages', 'Understanding stages of human development assignment.', '2024-10-15'),
(42, 21, 'Assignment 2: Child Psychology', 'Explore child psychology concepts assignment.', '2024-10-22'),
(43, 22, 'Assignment 1: Abstract Algebra Basics', 'Fundamentals of abstract algebra assignment.', '2024-10-15'),
(44, 22, 'Assignment 2: Algebraic Structures', 'Complete your assignment on algebraic structures.', '2024-10-22'),
(45, 23, 'Assignment 1: Number Theory Basics', 'Understand number theory concepts assignment.', '2024-10-15'),
(46, 23, 'Assignment 2: Prime Numbers', 'Complete your assignment on prime numbers.', '2024-10-22'),
(47, 24, 'Assignment 1: Topology Basics', 'Fundamentals of topology assignment.', '2024-10-15'),
(48, 24, 'Assignment 2: Continuity and Limits', 'Explore continuity in topology assignment.', '2024-10-22'),
(49, 25, 'Assignment 1: Operating Systems Basics', 'Fundamentals of operating systems assignment.', '2024-10-15'),
(50, 25, 'Assignment 2: Process Management', 'Complete your process management assignment.', '2024-10-22'),
(51, 26, 'Assignment 1: Networking Basics', 'Introduction to computer networking assignment.', '2024-10-15'),
(52, 26, 'Assignment 2: Protocols and Models', 'Complete your protocols and models assignment.', '2024-10-22'),
(53, 27, 'Assignment 1: Machine Learning Fundamentals', 'Basics of machine learning assignment.', '2024-10-15'),
(54, 27, 'Assignment 2: Supervised vs. Unsupervised Learning', 'Complete your assignment on learning types in ML.', '2024-10-22'),
(55, 28, 'Assignment 1: Financial Accounting Principles', 'Understand financial accounting basics assignment.', '2024-10-15'),
(56, 28, 'Assignment 2: Balance Sheets', 'Complete your assignment on balance sheets.', '2024-10-22'),
(57, 29, 'Assignment 1: Managerial Accounting', 'Fundamentals of managerial accounting assignment.', '2024-10-15'),
(58, 29, 'Assignment 2: Cost-Volume-Profit Analysis', 'Explore CVP analysis concepts assignment.', '2024-10-22'),
(59, 30, 'Assignment 1: Corporate Finance Basics', 'Introduction to corporate finance assignment.', '2024-10-15'),
(60, 30, 'Assignment 2: Investment Decisions', 'Complete your investment decisions assignment.', '2024-10-22'),
(61, 31, 'Assignment 1: Artificial Intelligence Overview', 'Fundamentals of artificial intelligence assignment.', '2024-10-15'),
(62, 31, 'Assignment 2: AI Applications', 'Explore applications of AI assignment.', '2024-10-22'),
(63, 32, 'Assignment 1: Marketing Principles', 'Basics of marketing principles assignment.', '2024-10-15'),
(64, 32, 'Assignment 2: Market Research', 'Complete your market research assignment.', '2024-10-22'),
(65, 33, 'Assignment 1: Consumer Behavior Basics', 'Introduction to consumer behavior assignment.', '2024-10-15'),
(66, 33, 'Assignment 2: Behavioral Models', 'Explore behavioral models in marketing assignment.', '2024-10-22'),
(67, 34, 'Assignment 1: Strategic Management Principles', 'Understand strategic management basics assignment.', '2024-10-15'),
(68, 34, 'Assignment 2: SWOT Analysis', 'Complete your SWOT analysis assignment.', '2024-10-22'),
(69, 35, 'Assignment 1: Digital Marketing Basics', 'Fundamentals of digital marketing assignment.', '2024-10-15'),
(70, 35, 'Assignment 2: SEO Strategies', 'Explore SEO strategies assignment.', '2024-10-22'),
(71, 36, 'Assignment 1: E-Commerce Overview', 'Understanding e-commerce basics assignment.', '2024-10-15'),
(72, 36, 'Assignment 2: Online Payment Systems', 'Complete your assignment on online payments.', '2024-10-22'),
(73, 37, 'Assignment 1: Supply Chain Basics', 'Introduction to supply chain management assignment.', '2024-10-15'),
(74, 37, 'Assignment 2: Logistics Strategies', 'Complete your logistics strategies assignment.', '2024-10-22'),
(75, 38, 'Assignment 1: Leadership Theories', 'Understanding leadership theories assignment.', '2024-10-15'),
(76, 38, 'Assignment 2: Team Management', 'Complete your team management assignment.', '2024-10-22'),
(77, 39, 'Assignment 1: Risk Management Fundamentals', 'Fundamentals of risk management assignment.', '2024-10-15'),
(78, 39, 'Assignment 2: Mitigation Strategies', 'Complete your mitigation strategies assignment.', '2024-10-22'),
(79, 40, 'Assignment 1: Business Law Basics', 'Basics of business law assignment.', '2024-10-15'),
(80, 40, 'Assignment 2: Contract Law', 'Complete your contract law assignment.', '2024-10-22'),
(81, 41, 'Assignment 1: Organizational Behavior Basics', 'Understanding organizational behavior assignment.', '2024-10-15'),
(82, 41, 'Assignment 2: Motivation Theories', 'Complete your motivation theories assignment.', '2024-10-22'),
(83, 42, 'Assignment 1: Negotiation Fundamentals', 'Understanding negotiation fundamentals assignment.', '2024-10-15'),
(84, 42, 'Assignment 2: Conflict Resolution Strategies', 'Complete your conflict resolution strategies assignment.', '2024-10-22'),
(85, 43, 'Assignment 1: Business Ethics Basics', 'Fundamentals of business ethics assignment.', '2024-10-15'),
(86, 43, 'Assignment 2: Corporate Responsibility', 'Complete your corporate responsibility assignment.', '2024-10-22'),
(87, 44, 'Assignment 1: Introduction to Marketing', 'Understanding marketing fundamentals assignment.', '2024-10-15'),
(88, 44, 'Assignment 2: Marketing Strategies', 'Complete your marketing strategies assignment.', '2024-10-22'),
(89, 45, 'Assignment 1: Human Resource Management Basics', 'Fundamentals of HR management assignment.', '2024-10-15'),
(90, 45, 'Assignment 2: Recruitment and Selection', 'Complete your recruitment and selection assignment.', '2024-10-22'),
(91, 46, 'Assignment 1: Introduction to Project Management', 'Understanding project management basics assignment.', '2024-10-15'),
(92, 46, 'Assignment 2: Project Planning', 'Complete your project planning assignment.', '2024-10-22'),
(93, 47, 'Assignment 1: Digital Marketing Trends', 'Explore trends in digital marketing assignment.', '2024-10-15'),
(94, 47, 'Assignment 2: Social Media Marketing', 'Complete your social media marketing assignment.', '2024-10-22'),
(95, 48, 'Assignment 1: Financial Analysis Basics', 'Understanding financial analysis assignment.', '2024-10-15'),
(96, 48, 'Assignment 2: Investment Strategies', 'Complete your investment strategies assignment.', '2024-10-22'),
(97, 49, 'Assignment 1: Business Analytics Overview', 'Fundamentals of business analytics assignment.', '2024-10-15'),
(98, 49, 'Assignment 2: Data Visualization Techniques', 'Complete your data visualization techniques assignment.', '2024-10-22'),
(99, 50, 'Assignment 1: Supply Chain Management Fundamentals', 'Understanding supply chain basics assignment.', '2024-10-15'),
(100, 50, 'Assignment 2: Global Supply Chain Strategies', 'Complete your global supply chain strategies assignment.', '2024-10-22');



INSERT INTO Lessons (LessonID, ModuleID, LessonTitle, LessonType) VALUES
(1, 1, 'Lesson 1: Introduction to Computer Science', 'Video'),
(2, 1, 'Lesson 2: Computer Components', 'Article'),
(3, 2, 'Lesson 1: Getting Started with Python', 'Video'),
(4, 2, 'Lesson 2: Python Syntax', 'Article'),
(5, 3, 'Lesson 1: Data Structures Overview', 'Video'),
(6, 3, 'Lesson 2: Arrays and Lists', 'Article'),
(7, 4, 'Lesson 1: Introduction to Linear Algebra', 'Video'),
(8, 4, 'Lesson 2: Matrices and Vectors', 'Article'),
(9, 5, 'Lesson 1: Understanding Derivatives', 'Video'),
(10, 5, 'Lesson 2: Integrals and Their Applications', 'Article'),
(11, 6, 'Lesson 1: Descriptive Statistics', 'Video'),
(12, 6, 'Lesson 2: Inferential Statistics', 'Article'),
(13, 7, 'Lesson 1: Introduction to Organic Chemistry', 'Video'),
(14, 7, 'Lesson 2: Functional Groups', 'Article'),
(15, 8, 'Lesson 1: Principles of Thermodynamics', 'Video'),
(16, 8, 'Lesson 2: Laws of Thermodynamics', 'Article'),
(17, 9, 'Lesson 1: Properties of Inorganic Compounds', 'Video'),
(18, 9, 'Lesson 2: Types of Inorganic Reactions', 'Article'),
(19, 10, 'Lesson 1: Newtons Laws of Motion', 'Video'),
(20, 10, 'Lesson 2: Work and Energy', 'Article'),
(21, 11, 'Lesson 1: Heat Transfer Basics', 'Video'),
(22, 11, 'Lesson 2: Thermodynamic Processes', 'Article'),
(23, 12, 'Lesson 1: Quantum Theory Fundamentals', 'Video'),
(24, 12, 'Lesson 2: Wave-Particle Duality', 'Article'),
(25, 13, 'Lesson 1: Introduction to Microbiology', 'Video'),
(26, 13, 'Lesson 2: Types of Microorganisms', 'Article'),
(27, 14, 'Lesson 1: Genetics Fundamentals', 'Video'),
(28, 14, 'Lesson 2: Mendelian Genetics', 'Article'),
(29, 15, 'Lesson 1: Metabolism Basics', 'Video'),
(30, 15, 'Lesson 2: Enzymes and Their Functions', 'Article'),
(31, 16, 'Lesson 1: Web Design Principles', 'Video'),
(32, 16, 'Lesson 2: Responsive Design', 'Article'),
(33, 17, 'Lesson 1: Introduction to SQL', 'Video'),
(34, 17, 'Lesson 2: SQL Queries', 'Article'),
(35, 18, 'Lesson 1: Software Development Lifecycle', 'Video'),
(36, 18, 'Lesson 2: Agile Methodology', 'Article'),
(37, 19, 'Lesson 1: Social Influence', 'Video'),
(38, 19, 'Lesson 2: Group Dynamics', 'Article'),
(39, 20, 'Lesson 1: Cognitive Psychology Basics', 'Video'),
(40, 20, 'Lesson 2: Memory Models', 'Article'),
(41, 21, 'Lesson 1: Stages of Development', 'Video'),
(42, 21, 'Lesson 2: Child Development Theories', 'Article'),
(43, 22, 'Lesson 1: Abstract Algebra Basics', 'Video'),
(44, 22, 'Lesson 2: Groups and Rings', 'Article'),
(45, 23, 'Lesson 1: Computer Networks Fundamentals', 'Video'),
(46, 23, 'Lesson 2: Network Protocols', 'Article'),
(47, 24, 'Lesson 1: Machine Learning Basics', 'Video'),
(48, 24, 'Lesson 2: Supervised vs Unsupervised Learning', 'Article'),
(49, 25, 'Lesson 1: Introduction to Cybersecurity', 'Video'),
(50, 25, 'Lesson 2: Types of Cyber Threats', 'Article'),
(51, 26, 'Lesson 1: Financial Accounting Basics', 'Video'),
(52, 26, 'Lesson 2: Balance Sheets', 'Article'),
(53, 27, 'Lesson 1: Principles of Economics', 'Video'),
(54, 27, 'Lesson 2: Supply and Demand', 'Article'),
(55, 28, 'Lesson 1: Marketing Fundamentals', 'Video'),
(56, 28, 'Lesson 2: Market Segmentation', 'Article'),
(57, 29, 'Lesson 1: Introduction to Management', 'Video'),
(58, 29, 'Lesson 2: Leadership Styles', 'Article'),
(59, 30, 'Lesson 1: Operations Management Basics', 'Video'),
(60, 30, 'Lesson 2: Process Improvement', 'Article'),
(61, 31, 'Lesson 1: AI Fundamentals', 'Video'),
(62, 31, 'Lesson 2: Machine Learning Overview', 'Article'),
(63, 32, 'Lesson 1: Marketing Research Techniques', 'Video'),
(64, 32, 'Lesson 2: Analyzing Consumer Behavior', 'Article'),
(65, 33, 'Lesson 1: Strategic Planning Basics', 'Video'),
(66, 33, 'Lesson 2: Competitive Analysis', 'Article'),
(67, 34, 'Lesson 1: Digital Marketing Techniques', 'Video'),
(68, 34, 'Lesson 2: SEO Best Practices', 'Article'),
(69, 35, 'Lesson 1: Supply Chain Management Basics', 'Video'),
(70, 35, 'Lesson 2: Inventory Management', 'Article'),
(71, 36, 'Lesson 1: Introduction to Business Ethics', 'Video'),
(72, 36, 'Lesson 2: Ethical Decision Making', 'Article'),
(73, 37, 'Lesson 1: Corporate Social Responsibility', 'Video'),
(74, 37, 'Lesson 2: Sustainability in Business', 'Article'),
(75, 38, 'Lesson 1: Organizational Culture', 'Video'),
(76, 38, 'Lesson 2: Team Dynamics', 'Article'),
(77, 39, 'Lesson 1: Negotiation Skills', 'Video'),
(78, 39, 'Lesson 2: Conflict Management Techniques', 'Article'),
(79, 40, 'Lesson 1: Financial Risk Management', 'Video'),
(80, 40, 'Lesson 2: Investment Risk Assessment', 'Article'),
(81, 41, 'Lesson 1: Human Resource Planning', 'Video'),
(82, 41, 'Lesson 2: Employee Training and Development', 'Article'),
(83, 42, 'Lesson 1: Project Lifecycle', 'Video'),
(84, 42, 'Lesson 2: Risk Management in Projects', 'Article'),
(85, 43, 'Lesson 1: Understanding Financial Statements', 'Video'),
(86, 43, 'Lesson 2: Cash Flow Analysis', 'Article'),
(87, 44, 'Lesson 1: Introduction to Business Analytics', 'Video'),
(88, 44, 'Lesson 2: Data Analysis Techniques', 'Article'),
(89, 45, 'Lesson 1: Marketing Analytics Overview', 'Video'),
(90, 45, 'Lesson 2: Measuring Marketing Effectiveness', 'Article'),
(91, 46, 'Lesson 1: Project Scope Management', 'Video'),
(92, 46, 'Lesson 2: Time Management in Projects', 'Article'),
(93, 47, 'Lesson 1: Supply Chain Strategy', 'Video'),
(94, 47, 'Lesson 2: Global Supply Chains', 'Article'),
(95, 48, 'Lesson 1: Financial Modeling Basics', 'Video'),
(96, 48, 'Lesson 2: Valuation Techniques', 'Article'),
(97, 49, 'Lesson 1: Data Visualization Principles', 'Video'),
(98, 49, 'Lesson 2: Using Visualization Tools', 'Article'),
(99, 50, 'Lesson 1: Continuous Improvement in Business', 'Video'),
(100, 50, 'Lesson 2: Change Management Strategies', 'Article');

INSERT INTO MarketingCampaigns (CampaignID, CampaignName, StartDate, EndDate, DiscountPercentage, TargetAudience, Details) VALUES
(1, 'Spring Enrollment Discount', '2024-03-01', '2024-03-31', 15.00, 'New Students', 'Get 15% off on all courses for new enrollments.'),
(2, 'Summer Course Promotion', '2024-06-01', '2024-06-30', 20.00, 'All Learners', '20% discount on all summer courses.'),
(3, 'Back to School Sale', '2024-08-01', '2024-08-31', 10.00, 'Students', '10% off on all courses for students.'),
(4, 'Exclusive Halloween Offers', '2024-10-01', '2024-10-31', 25.00, 'Families', '25% off family packages for Halloween.'),
(5, 'Black Friday Course Sale', '2024-11-01', '2024-11-30', 30.00, 'All Students', '30% discount on all courses during Black Friday.'),
(6, 'Cyber Monday Online Classes', '2024-11-29', '2024-12-05', 20.00, 'Online Learners', '20% off all online classes for Cyber Monday.'),
(7, 'Holiday Learning Packages', '2024-12-01', '2024-12-25', 15.00, 'All Customers', 'Special holiday packages with 15% off.'),
(8, 'New Year Course Launch', '2024-12-26', '2025-01-10', 10.00, 'Returning Students', '10% discount for returning students on new courses.'),
(9, 'Valentines Day Specials', '2025-01-15', '2025-02-14', 20.00, 'Couples Learning Together', '20% off for couples enrolling together.'),
(10, 'Easter Learning Fest', '2025-03-01', '2025-03-31', 15.00, 'Families', 'Family-friendly courses with a 15% discount.'),
(11, 'Mothers Day Classes', '2025-04-01', '2025-05-10', 10.00, 'Gift Shoppers', 'Discounts on courses for Mothers Day gifts.'),
(12, 'Fathers Day Offers', '2025-05-01', '2025-06-10', 15.00, 'Gift Shoppers', 'Fathers Day special offers on learning packages.'),
(13, 'Summer Course Clearance', '2025-06-15', '2025-07-15', 30.00, 'All Students', 'Clearance sale with 30% off summer courses.'),
(14, 'Labor Day Learning Discounts', '2025-08-01', '2025-09-07', 25.00, 'All Customers', '25% off on courses for Labor Day.'),
(15, 'Thanksgiving Learning Offers', '2025-11-01', '2025-11-30', 20.00, 'All Students', 'Thanksgiving special: 20% off courses.'),
(16, 'Early Bird Registration Discount', '2024-01-01', '2024-01-31', 15.00, 'New Enrollees', '15% off for early registrations.'),
(17, 'Bundle Learning Deals', '2024-02-01', '2024-02-28', 20.00, 'All Learners', '20% off on bundled courses.'),
(18, 'Free Trial for New Courses', '2024-01-01', '2024-01-31', 0.00, 'New Users', 'Free trial for new courses available for all users.'),
(19, 'Referral Program Discounts', '2024-03-01', '2024-03-31', 15.00, 'All Students', '15% off for referring a friend.'),
(20, 'Course of the Month Promotion', '2024-04-01', '2024-04-30', 10.00, 'All Students', '10% off on the course of the month.'),
(21, 'Weekend Flash Learning Sale', '2024-03-01', '2024-03-03', 25.00, 'All Learners', '25% off for a weekend flash sale.'),
(22, 'Social Media Exclusive Courses', '2024-04-01', '2024-04-30', 20.00, 'Social Media Followers', '20% off exclusive courses for social media followers.'),
(23, 'Special Workshops Discounts', '2024-05-01', '2024-05-31', 15.00, 'All Customers', '15% discount on selected workshops.'),
(24, 'Certification Week Offers', '2024-06-01', '2024-06-07', 10.00, 'All Learners', '10% off during certification week.'),
(25, 'Flash Course Discounts', '2024-06-15', '2024-06-30', 20.00, 'All Students', '20% off flash courses available for a limited time.'),
(26, 'Mid-Year Learning Discounts', '2024-07-01', '2024-07-31', 25.00, 'All Customers', 'Mid-year sale with 25% off courses.'),
(27, 'Exclusive Online Courses', '2024-08-01', '2024-08-31', 15.00, 'Online Learners', '15% off for exclusive online courses.'),
(28, 'September Study Boost', '2024-09-01', '2024-09-30', 10.00, 'Students', '10% off for study materials in September.'),
(29, 'October Learning Specials', '2024-10-01', '2024-10-31', 20.00, 'All Students', '20% off on courses for October.'),
(30, 'Last Minute Course Offers', '2024-12-15', '2024-12-25', 30.00, 'Last-Minute Shoppers', '30% off last-minute courses for the holidays.'),
(31, 'Annual Membership Discount', '2025-01-01', '2025-12-31', 15.00, 'Returning Members', '15% discount for annual members.'),
(32, 'End of Year Learning Sale', '2025-12-01', '2025-12-31', 20.00, 'All Customers', '20% off all courses for end-of-year clearance.'),
(33, 'Exclusive Member Courses', '2024-06-01', '2024-06-30', 25.00, 'VIP Members', '25% off for VIP members on select courses.'),
(34, 'Student Feedback Reward', '2025-01-01', '2025-12-31', 10.00, 'Active Students', '10% discount for providing feedback.'),
(35, 'Referral Discounts for Friends', '2024-08-01', '2024-08-31', 15.00, 'Existing Students', '15% off for students who refer friends.'),
(36, 'Free Course for New Users', '2024-09-01', '2024-09-30', 0.00, 'New Users', 'Free course access for all new users.'),
(37, 'Limited Time Webinar Offer', '2024-10-01', '2024-10-15', 20.00, 'All Customers', '20% off for registering for webinars.'),
(38, 'Skill Development Grant', '2024-01-01', '2025-12-31', 30.00, 'Underprivileged Students', '30% off for students eligible for grants.'),
(39, 'Advanced Learning Discounts', '2024-02-01', '2024-02-28', 15.00, 'All Students', '15% off advanced learning courses.'),
(40, 'Interactive Learning Offer', '2024-03-01', '2024-03-31', 20.00, 'All Customers', '20% off interactive courses.'),
(41, 'Monthly Subscription Discounts', '2024-04-01', '2024-12-31', 10.00, 'Subscribers', '10% off for monthly subscribers.'),
(42, 'Limited Access Courses', '2024-05-01', '2024-05-31', 25.00, 'Selected Members', '25% off for limited access to select courses.'),
(43, 'Trial Membership Offers', '2024-06-01', '2024-06-30', 0.00, 'New Users', 'Free trial for new members on all courses.'),
(44, 'Seasonal Promotions', '2024-07-01', '2024-07-31', 15.00, 'All Students', '15% off seasonal courses.'),
(45, 'Scholarship Program Discounts', '2024-08-01', '2025-12-31', 20.00, 'Scholarship Recipients', '20% discount for scholarship recipients.'),
(46, 'Holiday Special Classes', '2024-09-01', '2024-09-30', 25.00, 'All Customers', '25% off for holiday special classes.'),
(47, 'Course Completion Rewards', '2024-10-01', '2025-12-31', 15.00, 'Graduates', '15% off for course completers on future enrollments.'),
(48, 'Early Registration for 2025', '2025-01-01', '2025-01-31', 10.00, 'All Learners', '10% discount for early registration for 2025 courses.'),
(49, 'Anniversary Sale', '2025-02-01', '2025-02-28', 20.00, 'All Students', '20% off for anniversary celebrations.'),
(50, 'Exclusive Guest Speaker Events', '2025-03-01', '2025-03-31', 15.00, 'All Customers', '15% off for events with guest speakers.'),
(51, 'Weekend Learning Boost', '2025-04-01', '2025-04-30', 20.00, 'All Learners', '20% off weekend courses.'),
(52, 'Spring Break Courses', '2025-05-01', '2025-05-31', 15.00, 'Students', '15% off spring break courses.'),
(53, 'Summer Skill Building', '2025-06-01', '2025-06-30', 10.00, 'All Students', '10% off skill-building courses for summer.'),
(54, 'Fall Learning Specials', '2025-09-01', '2025-09-30', 20.00, 'All Learners', '20% off courses for fall season.'),
(55, 'Exclusive Tutorial Sessions', '2025-10-01', '2025-10-31', 25.00, 'All Customers', '25% off tutorial sessions for October.'),
(56, 'Flash Course Offer', '2025-11-01', '2025-11-30', 30.00, 'All Students', '30% off flash courses.'),
(57, 'End of Year Clearance', '2025-12-01', '2025-12-31', 20.00, 'All Customers', '20% off for end-of-year clearance.'),
(58, 'Special Webinar Discounts', '2024-01-01', '2024-01-31', 10.00, 'All Students', '10% off for special webinars.'),
(59, 'Holiday Package Deals', '2024-02-01', '2024-02-29', 20.00, 'All Customers', '20% off holiday package deals.'),
(60, 'Online Workshop Specials', '2024-03-01', '2024-03-31', 25.00, 'All Learners', '25% off online workshops.'),
(61, 'Interactive Learning Experience', '2024-04-01', '2024-04-30', 15.00, 'All Students', '15% off for interactive learning experiences.'),
(62, 'Summer Learning Bonanza', '2024-05-01', '2024-05-31', 30.00, 'Families', '30% off summer learning bonanza.'),
(63, 'Academic Year Enrollment Discounts', '2024-08-01', '2024-08-31', 10.00, 'All Students', '10% off academic year enrollment.'),
(64, 'Certificate Completion Offers', '2024-09-01', '2024-09-30', 15.00, 'Graduates', '15% off for certificate completers.'),
(65, 'Referral Bonuses', '2024-10-01', '2024-10-31', 20.00, 'Existing Students', '20% off for referral bonuses.'),
(66, 'Monthly Learning Challenges', '2024-11-01', '2024-11-30', 25.00, 'All Customers', '25% off for monthly learning challenges.'),
(67, 'End of Semester Promotions', '2024-12-01', '2024-12-31', 10.00, 'Students', '10% off end-of-semester courses.'),
(68, 'Flexible Learning Discounts', '2025-01-01', '2025-01-31', 15.00, 'All Students', '15% off flexible learning courses.'),
(69, 'New Year Learning Goals', '2025-02-01', '2025-02-28', 20.00, 'All Learners', '20% off for new year learning goals.'),
(70, 'Spring Semester Promotions', '2025-03-01', '2025-03-31', 10.00, 'All Students', '10% off for spring semester courses.'),
(71, 'Summer Skills Workshops', '2025-04-01', '2025-04-30', 15.00, 'All Customers', '15% off summer skills workshops.'),
(72, 'Holiday Learning Events', '2025-05-01', '2025-05-31', 20.00, 'All Learners', '20% off for holiday learning events.'),
(73, 'Annual Review Discounts', '2025-06-01', '2025-06-30', 10.00, 'All Customers', '10% off for annual review.'),
(74, 'Mid-Year Motivation Offers', '2025-07-01', '2025-07-31', 25.00, 'All Students', '25% off for mid-year motivation.'),
(75, 'Exclusive Course Trials', '2025-08-01', '2025-08-31', 15.00, 'New Users', '15% off for exclusive course trials.'),
(76, 'Student Success Discounts', '2025-09-01', '2025-09-30', 20.00, 'All Customers', '20% off for student success programs.'),
(77, 'Tech Tools for Learning', '2025-10-01', '2025-10-31', 25.00, 'Tech Enthusiasts', '25% off tech tools for learning.'),
(78, 'Learning Lifestyle Discounts', '2025-11-01', '2025-11-30', 15.00, 'All Students', '15% off for learning lifestyle courses.'),
(79, 'New Courses Launch', '2025-12-01', '2025-12-31', 20.00, 'All Customers', '20% off for new courses launch.'),
(80, 'Spring Into Learning', '2024-03-01', '2024-03-31', 15.00, 'All Customers', '15% off spring courses.'),
(81, 'Valentines Learning Packages', '2025-02-01', '2025-02-14', 10.00, 'Couples', '10% off for couples learning together.'),
(82, 'Interactive Learning Opportunities', '2025-03-01', '2025-03-31', 20.00, 'All Students', '20% off interactive learning opportunities.'),
(83, 'Summer Learning Camps', '2025-06-01', '2025-06-30', 25.00, 'Families', '25% off summer learning camps.'),
(84, 'Fall Learning Festival', '2025-09-01', '2025-09-30', 20.00, 'All Customers', '20% off for fall learning festival.'),
(85, 'Weekend Learning Retreats', '2025-10-01', '2025-10-31', 15.00, 'All Learners', '15% off for weekend learning retreats.'),
(86, 'Career Development Discounts', '2025-11-01', '2025-11-30', 20.00, 'Professionals', '20% off for career development courses.'),
(87, 'New Year Resolutions', '2025-12-01', '2025-12-31', 25.00, 'All Customers', '25% off for New Year resolutions.'),
(88, 'Trial Course Promotions', '2025-01-01', '2025-01-31', 10.00, 'New Users', '10% off for trial course promotions.'),
(89, 'Group Learning Discounts', '2025-02-01', '2025-02-28', 15.00, 'Groups', '15% off for group learning registrations.'),
(90, 'Weekend Warrior Courses', '2025-03-01', '2025-03-31', 20.00, 'All Customers', '20% off for weekend warrior courses.'),
(91, 'Annual Learning Subscriptions', '2025-04-01', '2025-04-30', 25.00, 'All Learners', '25% off for annual learning subscriptions.'),
(92, 'Last Minute Course Offers', '2025-05-01', '2025-05-31', 15.00, 'All Customers', '15% off last-minute course offers.'),
(93, 'Graduation Discounts', '2025-06-01', '2025-06-30', 20.00, 'Graduates', '20% off for graduation celebrations.'),
(94, 'Holiday Cheer Discounts', '2025-07-01', '2025-07-31', 25.00, 'All Customers', '25% off for holiday cheer discounts.'),
(95, 'Weekend Learning Boost', '2025-08-01', '2025-08-31', 15.00, 'All Customers', '15% off weekend learning boost.'),
(96, 'Early Bird Specials', '2025-09-01', '2025-09-30', 20.00, 'All Learners', '20% off early bird specials.'),
(97, 'Autumn Learning Festival', '2025-10-01', '2025-10-31', 25.00, 'All Students', '25% off for autumn learning festival.'),
(98, 'December Learning Specials', '2025-11-01', '2025-11-30', 20.00, 'All Customers', '20% off December learning specials.'),
(99, 'Flash Sales for Learning', '2025-12-01', '2025-12-31', 15.00, 'All Customers', '15% off flash sales for learning.'),
(100, 'Exclusive Learning Materials', '2026-01-01', '2026-01-31', 10.00, 'All Students', '10% off exclusive learning materials.'),
(101, 'Student Referral Discounts', '2026-02-01', '2026-02-28', 20.00, 'Existing Students', '20% off for student referrals.'),
(102, 'Personalized Learning Plans', '2026-03-01', '2026-03-31', 25.00, 'All Customers', '25% off personalized learning plans.'),
(103, 'Spring Learning Packages', '2026-04-01', '2026-04-30', 15.00, 'Families', '15% off spring learning packages.'),
(104, 'Monthly Learning Discounts', '2026-05-01', '2026-05-31', 10.00, 'All Customers', '10% off monthly learning discounts.'),
(105, 'Learning for Life Discounts', '2026-06-01', '2026-06-30', 20.00, 'All Students', '20% off for learning for life.'),
(106, 'Trial Course Extensions', '2026-07-01', '2026-07-31', 15.00, 'New Users', '15% off for trial course extensions.'),
(107, 'Annual Learning Programs', '2026-08-01', '2026-08-31', 25.00, 'All Learners', '25% off annual learning programs.'),
(108, 'Holiday Learning Offers', '2026-09-01', '2026-09-30', 20.00, 'All Customers', '20% off holiday learning offers.'),
(109, 'End of Year Learning Promotions', '2026-10-01', '2026-10-31', 15.00, 'All Customers', '15% off for end-of-year learning promotions.'),
(110, 'Exclusive Discounts for Early Registration', '2026-11-01', '2026-11-30', 25.00, 'All Learners', '25% off for exclusive discounts for early registration.'),
(111, 'Seasonal Learning Events', '2026-12-01', '2026-12-31', 10.00, 'All Students', '10% off for seasonal learning events.');



INSERT INTO Payments (PaymentID, UserID, PlanID, Amount, PaymentDate, PaymentStatus, CampaignID) VALUES
(1, 1, 1, 99.99, '2024-06-05', 'Completed', 1),
(2, 2, 2, 49.99, '2024-08-10', 'Completed', 2),
(3, 3, 1, 75.00, '2024-12-05', 'Completed', 3),
(4, 4, 3, 120.00, '2024-01-15', 'Completed', 4),
(5, 1, 2, 40.00, '2024-04-20', 'Completed', NULL),
(6, 5, 3, 55.00, '2024-05-25', 'Pending', 5),
(7, 6, 1, 80.00, '2024-07-10', 'Completed', 6),
(8, 2, 2, 60.00, '2024-11-05', 'Completed', 7),
(9, 3, 1, 110.00, '2024-11-25', 'Completed', 8),
(10, 4, 3, 90.00, '2024-09-20', 'Failed', NULL),
(11, 1, 2, 100.00, '2024-06-10', 'Completed', 1),
(12, 2, 1, 40.00, '2024-08-15', 'Completed', 2),
(13, 3, 3, 85.00, '2024-09-01', 'Completed', 3),
(14, 4, 2, 130.00, '2024-10-10', 'Completed', 4),
(15, 5, 1, 55.00, '2024-05-15', 'Pending', NULL),
(16, 6, 2, 75.00, '2024-06-20', 'Completed', 5),
(17, 2, 1, 50.00, '2024-06-30', 'Completed', 6),
(18, 3, 3, 60.00, '2024-07-25', 'Completed', 7),
(19, 1, 2, 45.00, '2024-08-15', 'Completed', 8),
(20, 4, 3, 95.00, '2024-12-01', 'Completed', 9),
(21, 5, 1, 80.00, '2024-10-01', 'Pending', 10),
(22, 6, 2, 130.00, '2024-11-01', 'Completed', 11),
(23, 2, 1, 70.00, '2024-09-01', 'Completed', 12),
(24, 3, 3, 95.00, '2024-12-15', 'Failed', NULL),
(25, 4, 1, 100.00, '2024-11-15', 'Completed', 13),
(26, 5, 2, 40.00, '2024-06-05', 'Completed', 14),
(27, 6, 3, 75.00, '2024-07-10', 'Completed', 15),
(28, 2, 1, 110.00, '2024-08-05', 'Completed', 16),
(29, 3, 2, 90.00, '2024-09-10', 'Completed', 17),
(30, 1, 3, 150.00, '2024-10-15', 'Completed', 18),
(31, 4, 1, 120.00, '2024-11-20', 'Completed', 19),
(32, 5, 2, 70.00, '2024-12-01', 'Completed', 20),
(33, 6, 3, 50.00, '2024-12-10', 'Pending', NULL),
(34, 2, 1, 85.00, '2024-11-01', 'Completed', 21),
(35, 3, 2, 55.00, '2024-10-10', 'Completed', 22),
(36, 1, 3, 45.00, '2024-09-15', 'Failed', 23),
(37, 4, 1, 100.00, '2024-10-20', 'Completed', 24),
(38, 5, 2, 120.00, '2024-11-05', 'Pending', 25),
(39, 6, 3, 30.00, '2024-08-15', 'Completed', 26),
(40, 2, 1, 110.00, '2024-07-20', 'Completed', 27),
(41, 3, 2, 95.00, '2024-06-10', 'Completed', 28),
(42, 1, 3, 80.00, '2024-08-25', 'Completed', 29),
(43, 4, 1, 150.00, '2024-11-15', 'Completed', 30),
(44, 5, 2, 60.00, '2024-09-01', 'Pending', NULL),
(45, 6, 3, 120.00, '2024-08-05', 'Completed', 31),
(46, 2, 1, 100.00, '2024-07-10', 'Completed', 32),
(47, 3, 2, 40.00, '2024-05-15', 'Completed', 33),
(48, 1, 3, 75.00, '2024-06-30', 'Completed', 34),
(49, 4, 1, 85.00, '2024-04-20', 'Completed', 35),
(50, 5, 2, 90.00, '2024-03-10', 'Completed', 36),
(51, 6, 3, 55.00, '2024-02-15', 'Pending', 37),
(52, 2, 1, 70.00, '2024-01-25', 'Completed', 38),
(53, 3, 2, 60.00, '2024-12-01', 'Completed', 39),
(54, 1, 3, 100.00, '2024-11-20', 'Completed', 40),
(55, 4, 1, 150.00, '2024-10-01', 'Completed', 41),
(56, 5, 2, 80.00, '2024-09-10', 'Pending', NULL),
(57, 6, 3, 120.00, '2024-08-15', 'Completed', 42),
(58, 2, 1, 50.00, '2024-07-05', 'Completed', 43),
(59, 3, 2, 95.00, '2024-06-10', 'Completed', 44),
(60, 1, 3, 40.00, '2024-05-15', 'Failed', 45),
(61, 4, 1, 70.00, '2024-04-20', 'Completed', 46),
(62, 5, 2, 85.00, '2024-03-01', 'Completed', 47),
(63, 6, 3, 60.00, '2024-02-15', 'Pending', NULL),
(64, 2, 1, 130.00, '2024-01-10', 'Completed', 48),
(65, 3, 2, 50.00, '2024-12-01', 'Completed', 49),
(66, 1, 3, 90.00, '2024-11-15', 'Completed', 50),
(67, 4, 1, 60.00, '2024-10-25', 'Pending', NULL),
(68, 5, 2, 100.00, '2024-09-30', 'Completed', 51),
(69, 6, 3, 80.00, '2024-08-15', 'Completed', 52),
(70, 2, 1, 75.00, '2024-07-01', 'Completed', 53),
(71, 3, 2, 95.00, '2024-06-20', 'Completed', 54),
(72, 1, 3, 110.00, '2024-05-15', 'Completed', 55),
(73, 4, 1, 60.00, '2024-04-25', 'Completed', 56),
(74, 5, 2, 150.00, '2024-03-10', 'Pending', NULL),
(75, 6, 3, 50.00, '2024-02-15', 'Completed', 57),
(76, 2, 1, 70.00, '2024-01-01', 'Completed', 58),
(77, 3, 2, 85.00, '2024-12-01', 'Completed', 59),
(78, 1, 3, 95.00, '2024-11-20', 'Completed', 60),
(79, 4, 1, 110.00, '2024-10-30', 'Completed', 61),
(80, 5, 2, 60.00, '2024-09-10', 'Completed', 62),
(81, 6, 3, 150.00, '2024-08-20', 'Pending', NULL),
(82, 2, 1, 80.00, '2024-07-01', 'Completed', 63),
(83, 3, 2, 70.00, '2024-06-15', 'Completed', 64),
(84, 1, 3, 90.00, '2024-05-01', 'Completed', 65),
(85, 4, 1, 100.00, '2024-04-01', 'Completed', 66),
(86, 5, 2, 110.00, '2024-03-01', 'Completed', 67),
(87, 6, 3, 75.00, '2024-02-01', 'Completed', 68),
(88, 2, 1, 50.00, '2024-01-15', 'Completed', 69),
(89, 3, 2, 60.00, '2024-12-20', 'Completed', 70),
(90, 1, 3, 90.00, '2024-11-10', 'Completed', 71),
(91, 4, 1, 150.00, '2024-10-05', 'Completed', 72),
(92, 5, 2, 80.00, '2024-09-25', 'Pending', NULL),
(93, 6, 3, 120.00, '2024-08-10', 'Completed', 73),
(94, 2, 1, 70.00, '2024-07-15', 'Completed', 74),
(95, 3, 2, 95.00, '2024-06-30', 'Completed', 75),
(96, 1, 3, 85.00, '2024-05-20', 'Completed', 76),
(97, 4, 1, 60.00, '2024-04-15', 'Pending', NULL),
(98, 5, 2, 40.00, '2024-03-10', 'Completed', 77),
(99, 6, 3, 100.00, '2024-02-05', 'Completed', 78),
(100, 2, 1, 75.00, '2024-01-10', 'Completed', 79);


INSERT INTO Progress (ProgressID, ProfileID, CourseID, LessonID, Status)
VALUES
(1, 10, 50, 20, 'Completed'),
(2, 22, 35, 68, 'In Progress'),
(3, 33, 47, 10, 'Not Started'),
(4, 45, 60, 82, 'Completed'),
(5, 51, 12, 33, 'In Progress'),
(6, 67, 70, 5, 'Completed'),
(7, 78, 20, 77, 'Not Started'),
(8, 81, 55, 26, 'In Progress'),
(9, 2, 90, 99, 'Completed'),
(10, 99, 40, 75, 'Not Started'),
(11, 12, 22, 30, 'In Progress'),
(12, 14, 1, 44, 'Completed'),
(13, 15, 88, 92, 'Not Started'),
(14, 18, 3, 17, 'In Progress'),
(15, 29, 86, 66, 'Completed'),
(16, 30, 15, 80, 'Not Started'),
(17, 31, 54, 91, 'In Progress'),
(18, 37, 28, 11, 'Completed'),
(19, 45, 99, 23, 'Not Started'),
(20, 49, 33, 4, 'In Progress'),
(21, 52, 66, 55, 'Completed'),
(22, 53, 77, 34, 'Not Started'),
(23, 54, 21, 7, 'In Progress'),
(24, 60, 58, 43, 'Completed'),
(25, 62, 73, 19, 'Not Started'),
(26, 64, 91, 18, 'In Progress'),
(27, 68, 11, 63, 'Completed'),
(28, 70, 69, 83, 'Not Started'),
(29, 71, 44, 12, 'In Progress'),
(30, 72, 25, 85, 'Completed'),
(31, 76, 59, 32, 'Not Started'),
(32, 77, 36, 90, 'In Progress'),
(33, 80, 49, 45, 'Completed'),
(34, 81, 27, 72, 'Not Started'),
(35, 82, 53, 58, 'In Progress'),
(36, 83, 76, 69, 'Completed'),
(37, 84, 24, 29, 'Not Started'),
(38, 87, 92, 39, 'In Progress'),
(39, 89, 99, 48, 'Completed'),
(40, 90, 6, 38, 'Not Started'),
(41, 91, 17, 81, 'In Progress'),
(42, 93, 72, 57, 'Completed'),
(43, 95, 7, 65, 'Not Started'),
(44, 96, 83, 88, 'In Progress'),
(45, 97, 10, 10, 'Completed'),
(46, 98, 26, 14, 'Not Started'),
(47, 100, 67, 64, 'In Progress'),
(48, 1, 55, 99, 'Completed'),
(49, 2, 13, 26, 'Not Started'),
(50, 3, 49, 12, 'In Progress'),
(51, 4, 66, 39, 'Completed'),
(52, 5, 73, 8, 'Not Started'),
(53, 6, 21, 44, 'In Progress'),
(54, 7, 87, 10, 'Completed'),
(55, 8, 63, 55, 'Not Started'),
(56, 9, 5, 29, 'In Progress'),
(57, 10, 43, 60, 'Completed'),
(58, 11, 76, 92, 'Not Started'),
(59, 12, 39, 28, 'In Progress'),
(60, 13, 96, 78, 'Completed'),
(61, 14, 64, 58, 'Not Started'),
(62, 15, 11, 11, 'In Progress'),
(63, 16, 40, 70, 'Completed'),
(64, 17, 82, 41, 'Not Started'),
(65, 18, 36, 45, 'In Progress'),
(66, 19, 2, 7, 'Completed'),
(67, 20, 98, 30, 'Not Started'),
(68, 21, 31, 93, 'In Progress'),
(69, 22, 59, 50, 'Completed'),
(70, 23, 78, 3, 'Not Started'),
(71, 24, 61, 71, 'In Progress'),
(72, 25, 16, 100, 'Completed'),
(73, 26, 9, 84, 'Not Started'),
(74, 27, 85, 32, 'In Progress'),
(75, 28, 96, 20, 'Completed'),
(76, 29, 84, 68, 'Not Started'),
(77, 30, 48, 74, 'In Progress'),
(78, 31, 30, 76, 'Completed'),
(79, 32, 53, 19, 'Not Started'),
(80, 33, 99, 62, 'In Progress'),
(81, 34, 92, 9, 'Completed'),
(82, 35, 20, 41, 'Not Started'),
(83, 36, 42, 35, 'In Progress'),
(84, 37, 54, 95, 'Completed'),
(85, 38, 22, 64, 'Not Started'),
(86, 39, 14, 87, 'In Progress'),
(87, 40, 17, 1, 'Completed'),
(88, 41, 19, 3, 'Not Started'),
(89, 42, 83, 10, 'In Progress'),
(90, 43, 72, 12, 'Completed'),
(91, 44, 46, 40, 'Not Started'),
(92, 45, 78, 60, 'In Progress'),
(93, 46, 88, 63, 'Completed'),
(94, 47, 41, 45, 'Not Started'),
(95, 48, 11, 7, 'In Progress'),
(96, 49, 2, 8, 'Completed'),
(97, 50, 34, 17, 'Not Started'),
(98, 51, 100, 20, 'In Progress'),
(99, 52, 99, 22, 'Completed'),
(100, 53, 66, 3, 'Not Started');


INSERT INTO Certificates (CertificateID, ProfileID, CourseID, DateIssued, URL)
VALUES
(1, 10, 50, '2023-01-01', 'http://example.com/certificates/1'),
(2, 22, 35, '2023-01-02', 'http://example.com/certificates/2'),
(3, 33, 47, '2023-01-03', 'http://example.com/certificates/3'),
(4, 45, 60, '2023-01-04', 'http://example.com/certificates/4'),
(5, 51, 12, '2023-01-05', 'http://example.com/certificates/5'),
(6, 67, 70, '2023-01-06', 'http://example.com/certificates/6'),
(7, 78, 20, '2023-01-07', 'http://example.com/certificates/7'),
(8, 81, 55, '2023-01-08', 'http://example.com/certificates/8'),
(9, 2, 90, '2023-01-09', 'http://example.com/certificates/9'),
(10, 99, 40, '2023-01-10', 'http://example.com/certificates/10'),
(11, 12, 22, '2023-01-11', 'http://example.com/certificates/11'),
(12, 14, 1, '2023-01-12', 'http://example.com/certificates/12'),
(13, 15, 88, '2023-01-13', 'http://example.com/certificates/13'),
(14, 18, 3, '2023-01-14', 'http://example.com/certificates/14'),
(15, 29, 86, '2023-01-15', 'http://example.com/certificates/15'),
(16, 30, 15, '2023-01-16', 'http://example.com/certificates/16'),
(17, 31, 54, '2023-01-17', 'http://example.com/certificates/17'),
(18, 37, 28, '2023-01-18', 'http://example.com/certificates/18'),
(19, 45, 99, '2023-01-19', 'http://example.com/certificates/19'),
(20, 49, 33, '2023-01-20', 'http://example.com/certificates/20'),
(21, 52, 66, '2023-01-21', 'http://example.com/certificates/21'),
(22, 53, 77, '2023-01-22', 'http://example.com/certificates/22'),
(23, 54, 21, '2023-01-23', 'http://example.com/certificates/23'),
(24, 60, 58, '2023-01-24', 'http://example.com/certificates/24'),
(25, 62, 73, '2023-01-25', 'http://example.com/certificates/25'),
(26, 64, 91, '2023-01-26', 'http://example.com/certificates/26'),
(27, 68, 11, '2023-01-27', 'http://example.com/certificates/27'),
(28, 70, 69, '2023-01-28', 'http://example.com/certificates/28'),
(29, 71, 44, '2023-01-29', 'http://example.com/certificates/29'),
(30, 72, 25, '2023-01-30', 'http://example.com/certificates/30'),
(31, 76, 59, '2023-01-31', 'http://example.com/certificates/31'),
(32, 77, 36, '2023-02-01', 'http://example.com/certificates/32'),
(33, 80, 49, '2023-02-02', 'http://example.com/certificates/33'),
(34, 81, 27, '2023-02-03', 'http://example.com/certificates/34'),
(35, 82, 53, '2023-02-04', 'http://example.com/certificates/35'),
(36, 83, 76, '2023-02-05', 'http://example.com/certificates/36'),
(37, 84, 24, '2023-02-06', 'http://example.com/certificates/37'),
(38, 87, 92, '2023-02-07', 'http://example.com/certificates/38'),
(39, 89, 99, '2023-02-08', 'http://example.com/certificates/39'),
(40, 90, 6, '2023-02-09', 'http://example.com/certificates/40'),
(41, 91, 17, '2023-02-10', 'http://example.com/certificates/41'),
(42, 93, 72, '2023-02-11', 'http://example.com/certificates/42'),
(43, 95, 7, '2023-02-12', 'http://example.com/certificates/43'),
(44, 96, 83, '2023-02-13', 'http://example.com/certificates/44'),
(45, 97, 10, '2023-02-14', 'http://example.com/certificates/45'),
(46, 98, 26, '2023-02-15', 'http://example.com/certificates/46'),
(47, 100, 67, '2023-02-16', 'http://example.com/certificates/47'),
(48, 1, 55, '2023-02-17', 'http://example.com/certificates/48'),
(49, 2, 13, '2023-02-18', 'http://example.com/certificates/49'),
(50, 3, 49, '2023-02-19', 'http://example.com/certificates/50'),
(51, 4, 66, '2023-02-20', 'http://example.com/certificates/51'),
(52, 5, 73, '2023-02-21', 'http://example.com/certificates/52'),
(53, 6, 21, '2023-02-22', 'http://example.com/certificates/53'),
(54, 7, 87, '2023-02-23', 'http://example.com/certificates/54'),
(55, 8, 63, '2023-02-24', 'http://example.com/certificates/55'),
(56, 9, 5, '2023-02-25', 'http://example.com/certificates/56'),
(57, 10, 43, '2023-02-26', 'http://example.com/certificates/57'),
(58, 11, 76, '2023-02-27', 'http://example.com/certificates/58'),
(59, 12, 39, '2023-02-28', 'http://example.com/certificates/59'),
(60, 13, 96, '2023-03-01', 'http://example.com/certificates/60'),
(61, 14, 64, '2023-03-02', 'http://example.com/certificates/61'),
(62, 15, 11, '2023-03-03', 'http://example.com/certificates/62'),
(63, 16, 40, '2023-03-04', 'http://example.com/certificates/63'),
(64, 17, 82, '2023-03-05', 'http://example.com/certificates/64'),
(65, 18, 36, '2023-03-06', 'http://example.com/certificates/65'),
(66, 19, 2, '2023-03-07', 'http://example.com/certificates/66'),
(67, 20, 98, '2023-03-08', 'http://example.com/certificates/67'),
(68, 21, 31, '2023-03-09', 'http://example.com/certificates/68'),
(69, 22, 59, '2023-03-10', 'http://example.com/certificates/69'),
(70, 23, 78, '2023-03-11', 'http://example.com/certificates/70'),
(71, 24, 61, '2023-03-12', 'http://example.com/certificates/71'),
(72, 25, 16, '2023-03-13', 'http://example.com/certificates/72'),
(73, 26, 9, '2023-03-14', 'http://example.com/certificates/73'),
(74, 27, 85, '2023-03-15', 'http://example.com/certificates/74'),
(75, 28, 96, '2023-03-16', 'http://example.com/certificates/75'),
(76, 29, 84, '2023-03-17', 'http://example.com/certificates/76'),
(77, 30, 48, '2023-03-18', 'http://example.com/certificates/77'),
(78, 31, 30, '2023-03-19', 'http://example.com/certificates/78'),
(79, 32, 53, '2023-03-20', 'http://example.com/certificates/79'),
(80, 33, 99, '2023-03-21', 'http://example.com/certificates/80'),
(81, 34, 92, '2023-03-22', 'http://example.com/certificates/81'),
(82, 35, 20, '2023-03-23', 'http://example.com/certificates/82'),
(83, 36, 42, '2023-03-24', 'http://example.com/certificates/83'),
(84, 37, 54, '2023-03-25', 'http://example.com/certificates/84'),
(85, 38, 22, '2023-03-26', 'http://example.com/certificates/85'),
(86, 39, 14, '2023-03-27', 'http://example.com/certificates/86'),
(87, 40, 6, '2023-03-28', 'http://example.com/certificates/87'),
(88, 41, 57, '2023-03-29', 'http://example.com/certificates/88'),
(89, 42, 29, '2023-03-30', 'http://example.com/certificates/89'),
(90, 43, 76, '2023-03-31', 'http://example.com/certificates/90'),
(91, 44, 8, '2023-04-01', 'http://example.com/certificates/91'),
(92, 45, 92, '2023-04-02', 'http://example.com/certificates/92'),
(93, 46, 4, '2023-04-03', 'http://example.com/certificates/93'),
(94, 47, 12, '2023-04-04', 'http://example.com/certificates/94'),
(95, 48, 82, '2023-04-05', 'http://example.com/certificates/95'),
(96, 49, 65, '2023-04-06', 'http://example.com/certificates/96'),
(97, 50, 19, '2023-04-07', 'http://example.com/certificates/97'),
(98, 51, 55, '2023-04-08', 'http://example.com/certificates/98'),
(99, 52, 39, '2023-04-09', 'http://example.com/certificates/99'),
(100, 53, 63, '2023-04-10', 'http://example.com/certificates/100');


INSERT INTO EvaluationResults (EvaluationID, ProfileID, LessonID, ObtainedScore, MaxScore, SubmissionDate) VALUES
(1, 1, 1, 85.00, 100, '2023-01-01'),
(2, 2, 1, 90.00, 100, '2023-01-02'),
(3, 3, 2, 75.50, 100, '2023-01-03'),
(4, 4, 2, 88.00, 100, '2023-01-04'),
(5, 5, 3, 67.00, 100, '2023-01-05'),
(6, 6, 3, 92.50, 100, '2023-01-06'),
(7, 7, 4, 78.00, 100, '2023-01-07'),
(8, 8, 4, 80.25, 100, '2023-01-08'),
(9, 9, 5, 91.75, 100, '2023-01-09'),
(10, 10, 5, 83.00, 100, '2023-01-10'),
(11, 11, 6, 70.00, 100, '2023-01-11'),
(12, 12, 6, 85.50, 100, '2023-01-12'),
(13, 13, 7, 66.75, 100, '2023-01-13'),
(14, 14, 7, 88.00, 100, '2023-01-14'),
(15, 15, 8, 95.00, 100, '2023-01-15'),
(16, 16, 8, 82.25, 100, '2023-01-16'),
(17, 17, 9, 77.00, 100, '2023-01-17'),
(18, 18, 9, 89.50, 100, '2023-01-18'),
(19, 19, 10, 80.00, 100, '2023-01-19'),
(20, 20, 10, 90.00, 100, '2023-01-20'),
(21, 21, 11, 68.00, 100, '2023-01-21'),
(22, 22, 11, 73.25, 100, '2023-01-22'),
(23, 23, 12, 84.50, 100, '2023-01-23'),
(24, 24, 12, 78.00, 100, '2023-01-24'),
(25, 25, 13, 92.00, 100, '2023-01-25'),
(26, 26, 13, 74.50, 100, '2023-01-26'),
(27, 27, 14, 88.00, 100, '2023-01-27'),
(28, 28, 14, 85.25, 100, '2023-01-28'),
(29, 29, 15, 91.00, 100, '2023-01-29'),
(30, 30, 15, 76.00, 100, '2023-01-30'),
(31, 31, 16, 67.50, 100, '2023-01-31'),
(32, 32, 16, 79.75, 100, '2023-02-01'),
(33, 33, 17, 82.00, 100, '2023-02-02'),
(34, 34, 17, 88.50, 100, '2023-02-03'),
(35, 35, 18, 90.00, 100, '2023-02-04'),
(36, 36, 18, 83.00, 100, '2023-02-05'),
(37, 37, 19, 78.00, 100, '2023-02-06'),
(38, 38, 19, 85.75, 100, '2023-02-07'),
(39, 39, 20, 94.00, 100, '2023-02-08'),
(40, 40, 20, 89.50, 100, '2023-02-09'),
(41, 41, 21, 72.50, 100, '2023-02-10'),
(42, 42, 21, 95.00, 100, '2023-02-11'),
(43, 43, 22, 70.00, 100, '2023-02-12'),
(44, 44, 22, 88.75, 100, '2023-02-13'),
(45, 45, 23, 65.00, 100, '2023-02-14'),
(46, 46, 23, 90.25, 100, '2023-02-15'),
(47, 47, 24, 76.00, 100, '2023-02-16'),
(48, 48, 24, 82.50, 100, '2023-02-17'),
(49, 49, 25, 89.00, 100, '2023-02-18'),
(50, 50, 25, 73.00, 100, '2023-02-19'),
(51, 51, 26, 65.25, 100, '2023-02-20'),
(52, 52, 26, 84.00, 100, '2023-02-21'),
(53, 53, 27, 78.50, 100, '2023-02-22'),
(54, 54, 27, 92.00, 100, '2023-02-23'),
(55, 55, 28, 75.00, 100, '2023-02-24'),
(56, 56, 28, 80.25, 100, '2023-02-25'),
(57, 57, 29, 90.00, 100, '2023-02-26'),
(58, 58, 29, 86.00, 100, '2023-02-27'),
(59, 59, 30, 72.00, 100, '2023-02-28'),
(60, 60, 30, 84.50, 100, '2023-03-01'),
(61, 61, 31, 88.00, 100, '2023-03-02'),
(62, 62, 31, 91.50, 100, '2023-03-03'),
(63, 63, 32, 70.75, 100, '2023-03-04'),
(64, 64, 32, 86.00, 100, '2023-03-05'),
(65, 65, 33, 79.50, 100, '2023-03-06'),
(66, 66, 33, 93.00, 100, '2023-03-07'),
(67, 67, 34, 88.75, 100, '2023-03-08'),
(68, 68, 34, 82.00, 100, '2023-03-09'),
(69, 69, 35, 90.50, 100, '2023-03-10'),
(70, 70, 35, 76.25, 100, '2023-03-11'),
(71, 71, 36, 72.00, 100, '2023-03-12'),
(72, 72, 36, 89.00, 100, '2023-03-13'),
(73, 73, 37, 84.50, 100, '2023-03-14'),
(74, 74, 37, 95.00, 100, '2023-03-15'),
(75, 75, 38, 80.00, 100, '2023-03-16'),
(76, 76, 38, 75.50, 100, '2023-03-17'),
(77, 77, 39, 68.00, 100, '2023-03-18'),
(78, 78, 39, 82.25, 100, '2023-03-19'),
(79, 79, 40, 89.50, 100, '2023-03-20'),
(80, 80, 40, 94.00, 100, '2023-03-21'),
(81, 81, 41, 71.75, 100, '2023-03-22'),
(82, 82, 41, 77.00, 100, '2023-03-23'),
(83, 83, 42, 85.00, 100, '2023-03-24'),
(84, 84, 42, 90.75, 100, '2023-03-25'),
(85, 85, 43, 76.00, 100, '2023-03-26'),
(86, 86, 43, 72.50, 100, '2023-03-27'),
(87, 87, 44, 82.00, 100, '2023-03-28'),
(88, 88, 44, 86.25, 100, '2023-03-29'),
(89, 89, 45, 88.00, 100, '2023-03-30'),
(90, 90, 45, 93.50, 100, '2023-03-31'),
(91, 91, 46, 73.00, 100, '2023-04-01'),
(92, 92, 46, 69.50, 100, '2023-04-02'),
(93, 93, 47, 94.00, 100, '2023-04-03'),
(94, 94, 47, 79.25, 100, '2023-04-04'),
(95, 95, 48, 85.50, 100, '2023-04-05'),
(96, 96, 48, 72.00, 100, '2023-04-06'),
(97, 97, 49, 67.00, 100, '2023-04-07'),
(98, 98, 49, 70.25, 100, '2023-04-08'),
(99, 99, 50, 81.00, 100, '2023-04-09'),
(100, 100, 50, 87.00, 100, '2023-04-10');

INSERT INTO SupportTickets (TicketID, UserID, IssueType, Status, Description, CreatedAt, ResolvedAt) VALUES
(1, 42, 'Payment Problem', 'Open', 'Issues with payment processing', '2024-01-01', NULL),
(2, 17, 'Course Access', 'Resolved', 'Unable to access purchased course', '2024-01-02', '2024-01-03'),
(3, 59, 'Login Issue', 'In Progress', 'Password reset link not working', '2024-01-04', NULL),
(4, 33, 'Technical Issue', 'Closed', 'Website crashes on login', '2024-01-05', '2024-01-06'),
(5, 88, 'Feedback', 'Open', 'Need more tutorials on advanced topics', '2024-01-07', NULL),
(6, 12, 'Payment Problem', 'Resolved', 'Duplicate charge on account', '2024-01-08', '2024-01-09'),
(7, 76, 'Course Access', 'In Progress', 'Cannot find my course materials', '2024-01-10', NULL),
(8, 25, 'Login Issue', 'Closed', 'Account locked after multiple attempts', '2024-01-11', '2024-01-12'),
(9, 67, 'Technical Issue', 'Open', 'App not responding on mobile', '2024-01-13', NULL),
(10, 55, 'Payment Problem', 'Resolved', 'Payment method not accepted', '2024-01-14', '2024-01-15'),
(11, 92, 'Course Feedback', 'In Progress', 'More quizzes needed for practice', '2024-01-16', NULL),
(12, 70, 'Billing Inquiry', 'Open', 'Confusion regarding subscription fees', '2024-01-17', NULL),
(13, 34, 'Login Issue', 'Resolved', 'Failed to login due to wrong credentials', '2024-01-18', '2024-01-19'),
(14, 19, 'Technical Issue', 'Closed', 'Video not loading', '2024-01-20', '2024-01-21'),
(15, 82, 'Feedback', 'Open', 'More interactive content needed', '2024-01-22', NULL),
(16, 5, 'Payment Problem', 'Resolved', 'Refund not processed', '2024-01-23', '2024-01-24'),
(17, 49, 'Course Access', 'In Progress', 'Error in downloading course files', '2024-01-25', NULL),
(18, 94, 'Login Issue', 'Closed', 'Two-factor authentication issues', '2024-01-26', '2024-01-27'),
(19, 40, 'Technical Issue', 'Open', 'Course progress not saving', '2024-01-28', NULL),
(20, 11, 'Payment Problem', 'Resolved', 'Issues with payment gateway', '2024-01-29', '2024-01-30'),
(21, 68, 'Course Feedback', 'In Progress', 'More examples in the course material', '2024-02-01', NULL),
(22, 57, 'Billing Inquiry', 'Open', 'Questions about payment history', '2024-02-02', NULL),
(23, 74, 'Login Issue', 'Resolved', 'Forgotten password recovery', '2024-02-03', '2024-02-04'),
(24, 21, 'Technical Issue', 'Closed', 'Cannot view assignments', '2024-02-05', '2024-02-06'),
(25, 31, 'Feedback', 'Open', 'Need better course navigation', '2024-02-07', NULL),
(26, 87, 'Payment Problem', 'Resolved', 'Payment confirmation not received', '2024-02-08', '2024-02-09'),
(27, 73, 'Course Access', 'In Progress', 'Cannot access quiz section', '2024-02-10', NULL),
(28, 44, 'Login Issue', 'Closed', 'Issues with biometric login', '2024-02-11', '2024-02-12'),
(29, 30, 'Technical Issue', 'Open', 'Audio not working in lectures', '2024-02-13', NULL),
(30, 15, 'Payment Problem', 'Resolved', 'Incorrect charge on my account', '2024-02-14', '2024-02-15'),
(31, 95, 'Course Feedback', 'In Progress', 'Need more detailed explanations', '2024-02-16', NULL),
(32, 38, 'Billing Inquiry', 'Open', 'How to retrieve past invoices?', '2024-02-17', NULL),
(33, 99, 'Login Issue', 'Resolved', 'Issues with security questions', '2024-02-18', '2024-02-19'),
(34, 56, 'Technical Issue', 'Closed', 'Content not displaying properly', '2024-02-20', '2024-02-21'),
(35, 3, 'Feedback', 'Open', 'More courses on data science', '2024-02-22', NULL),
(36, 78, 'Payment Problem', 'Resolved', 'Issues with account balance', '2024-02-23', '2024-02-24'),
(37, 24, 'Course Access', 'In Progress', 'Cannot log in to course', '2024-02-25', NULL),
(38, 63, 'Login Issue', 'Closed', 'Email verification not received', '2024-02-26', '2024-02-27'),
(39, 46, 'Technical Issue', 'Open', 'Cannot update profile information', '2024-02-28', NULL),
(40, 90, 'Payment Problem', 'Resolved', 'Payment declined due to card issues', '2024-03-01', '2024-03-02'),
(41, 84, 'Course Feedback', 'In Progress', 'More practical assignments needed', '2024-03-03', NULL),
(42, 53, 'Billing Inquiry', 'Open', 'Clarification needed on charges', '2024-03-04', NULL),
(43, 60, 'Login Issue', 'Resolved', 'Login error messages', '2024-03-05', '2024-03-06'),
(44, 14, 'Technical Issue', 'Closed', 'System crashes during exam', '2024-03-07', '2024-03-08'),
(45, 80, 'Feedback', 'Open', 'Need better support response times', '2024-03-09', NULL),
(46, 72, 'Payment Problem', 'Resolved', 'Question about billing address', '2024-03-10', '2024-03-11'),
(47, 41, 'Course Access', 'In Progress', 'Issues with mobile app', '2024-03-12', NULL),
(48, 36, 'Login Issue', 'Closed', 'Password recovery not working', '2024-03-13', '2024-03-14'),
(49, 16, 'Technical Issue', 'Open', 'App not responding on mobile', '2024-03-15', NULL),
(50, 23, 'Payment Problem', 'Resolved', 'Refund request pending', '2024-03-16', '2024-03-17'),
(51, 77, 'Course Feedback', 'In Progress', 'More interactive elements needed', '2024-03-18', NULL),
(52, 39, 'Billing Inquiry', 'Open', 'How to change subscription plan?', '2024-03-19', NULL),
(53, 35, 'Login Issue', 'Resolved', 'Unable to access account', '2024-03-20', '2024-03-21'),
(54, 69, 'Technical Issue', 'Closed', 'Website not loading', '2024-03-22', '2024-03-23'),
(55, 29, 'Feedback', 'Open', 'Suggestions for course improvement', '2024-03-24', NULL),
(56, 81, 'Payment Problem', 'Resolved', 'Payment not processed', '2024-03-25', '2024-03-26'),
(57, 10, 'Course Access', 'In Progress', 'Error in accessing course materials', '2024-03-27', NULL),
(58, 45, 'Login Issue', 'Closed', 'Issues with two-factor authentication', '2024-03-28', '2024-03-29'),
(59, 93, 'Technical Issue', 'Open', 'Content not loading properly', '2024-03-30', NULL),
(60, 20, 'Payment Problem', 'Resolved', 'Issues with billing cycle', '2024-03-31', '2024-04-01'),
(61, 83, 'Course Feedback', 'In Progress', 'Need more examples', '2024-04-02', NULL),
(62, 1, 'Billing Inquiry', 'Open', 'Need clarification on charges', '2024-04-03', NULL),
(63, 4, 'Login Issue', 'Resolved', 'Forgot password', '2024-04-04', '2024-04-05'),
(64, 65, 'Technical Issue', 'Closed', 'Mobile app crashing', '2024-04-06', '2024-04-07'),
(65, 66, 'Feedback', 'Open', 'More hands-on projects needed', '2024-04-08', NULL),
(66, 97, 'Payment Problem', 'Resolved', 'Refund not processed', '2024-04-09', '2024-04-10'),
(67, 7, 'Course Access', 'In Progress', 'Cannot access specific module', '2024-04-11', NULL),
(68, 2, 'Login Issue', 'Closed', 'Email not receiving notifications', '2024-04-12', '2024-04-13'),
(69, 91, 'Technical Issue', 'Open', 'Issues with file uploads', '2024-04-14', NULL),
(70, 75, 'Payment Problem', 'Resolved', 'Issues with payment history', '2024-04-15', '2024-04-16'),
(71, 26, 'Course Feedback', 'In Progress', 'More quizzes for practice', '2024-04-17', NULL),
(72, 54, 'Billing Inquiry', 'Open', 'Questions about payment plan', '2024-04-18', NULL),
(73, 50, 'Login Issue', 'Resolved', 'Cannot reset password', '2024-04-19', '2024-04-20'),
(74, 8, 'Technical Issue', 'Closed', 'Website slow to load', '2024-04-21', '2024-04-22'),
(75, 11, 'Feedback', 'Open', 'Suggestions for new features', '2024-04-23', NULL),
(76, 86, 'Payment Problem', 'Resolved', 'Duplicate charges', '2024-04-24', '2024-04-25'),
(77, 47, 'Course Access', 'In Progress', 'Cannot access video lectures', '2024-04-26', NULL),
(78, 99, 'Login Issue', 'Closed', 'Unable to log in to the portal', '2024-04-27', '2024-04-28'),
(79, 32, 'Technical Issue', 'Open', 'Application not functioning', '2024-04-29', NULL),
(80, 61, 'Payment Problem', 'Resolved', 'Payment rejected', '2024-04-30', '2024-05-01'),
(81, 79, 'Course Feedback', 'In Progress', 'Need more video content', '2024-05-02', NULL),
(82, 27, 'Billing Inquiry', 'Open', 'Questions about subscription changes', '2024-05-03', NULL),
(83, 9, 'Login Issue', 'Resolved', 'Issues with security verification', '2024-05-04', '2024-05-05'),
(84, 62, 'Technical Issue', 'Closed', 'Cannot access profile settings', '2024-05-06', '2024-05-07'),
(85, 71, 'Feedback', 'Open', 'More practice exercises needed', '2024-05-08', NULL),
(86, 18, 'Payment Problem', 'Resolved', 'Issues with credit card processing', '2024-05-09', '2024-05-10'),
(87, 15, 'Course Access', 'In Progress', 'Cannot download resources', '2024-05-11', NULL),
(88, 80, 'Login Issue', 'Closed', 'Account verification issues', '2024-05-12', '2024-05-13'),
(89, 66, 'Technical Issue', 'Open', 'Cannot submit assignments', '2024-05-14', NULL),
(90, 58, 'Payment Problem', 'Resolved', 'Refund process taking too long', '2024-05-15', '2024-05-16'),
(91, 23, 'Course Feedback', 'In Progress', 'Need more engaging content', '2024-05-17', NULL),
(92, 53, 'Billing Inquiry', 'Open', 'Issues with monthly invoices', '2024-05-18', NULL),
(93, 64, 'Login Issue', 'Resolved', 'Failed to reset password', '2024-05-19', '2024-05-20'),
(94, 10, 'Technical Issue', 'Closed', 'Error messages on submission', '2024-05-21', '2024-05-22'),
(95, 49, 'Feedback', 'Open', 'More content on specific topics', '2024-05-23', NULL),
(96, 41, 'Payment Problem', 'Resolved', 'Transaction failed', '2024-05-24', '2024-05-25'),
(97, 33, 'Course Access', 'In Progress', 'Cannot view lecture recordings', '2024-05-26', NULL),
(98, 6, 'Login Issue', 'Closed', 'Password recovery link expired', '2024-05-27', '2024-05-28'),
(99, 38, 'Technical Issue', 'Open', 'Website error on payment page', '2024-05-29', NULL),
(100, 96, 'Payment Problem', 'Resolved', 'Refund not received', '2024-05-30', '2024-05-31');

